date,maxtp,mintp,rain,cbl,wdsp,hm,ind,ddhm,ind,hg
01-Jan-20,8.9,4.8,0,1016.9,4.9,13,0,200,0,21
02-Jan-20,11.6,6.3,5.5,1003.8,12.6,21,0,330,0,30
03-Jan-20,9.4,3,0.1,1018.5,6.1,11,0,320,0,16
04-Jan-20,9.5,5.9,1.8,1025.8,7.5,13,0,230,0,20
05-Jan-20,10.8,7.7,0.9,1017,9.5,14,0,180,0,24
06-Jan-20,10.2,4.8,8.6,1005.2,10.6,18,0,180,0,33
07-Jan-20,13.5,6.8,4.5,1005,13.7,23,0,230,0,36
08-Jan-20,8.6,4,4.2,1009.1,5.4,12,0,80,0,22
09-Jan-20,5.5,2.4,1.7,1006.4,4.5,11,0,80,0,22
10-Jan-20,10.7,-0.2,4.1,1011.2,9.3,18,0,200,0,27
11-Jan-20,12.4,6.3,19.7,1003.7,10.9,20,0,190,0,33
12-Jan-20,8.2,3.7,3.7,1007.4,6.5,14,0,220,0,25
13-Jan-20,9.2,3.1,11.1,987.3,16.1,27,0,210,0,47
14-Jan-20,5.8,2.7,10.2,979.4,9.2,16,0,260,0,28
15-Jan-20,8.2,3,3.1,991.3,10.4,21,0,220,0,34
16-Jan-20,10.8,4.1,2.5,991.2,12.3,23,0,150,0,37
17-Jan-20,6.7,-2,0.2,1007.3,5.3,11,0,300,0,16
18-Jan-20,6.8,-4.1,0.1,1026,1.8,4,0,10,0,6
19-Jan-20,6.5,-4.4,0.1,1037.9,3.7,8,0,200,0,12
20-Jan-20,8.2,0.8,0.2,1040.2,6,10,0,190,0,16
21-Jan-20,8.6,6.7,0.1,1037.7,3.7,7,0,250,0,12
22-Jan-20,9.2,5.3,0.2,1034.1,1.5,3,0,230,0,5
23-Jan-20,7.4,4.2,0.4,1026.8,2.2,5,0,200,0,7
24-Jan-20,8.2,5.3,0.9,1017,4.7,8,0,190,0,13
25-Jan-20,9.3,6,0.1,1004.2,8,12,0,190,0,20
26-Jan-20,9.4,2.5,7.8,994.1,8.4,17,0,170,0,31
27-Jan-20,4.4,-0.1,9,985.9,7.7,19,0,240,0,35
28-Jan-20,6,0.2,3.8,991,8.6,19,0,310,0,29
29-Jan-20,9.4,2.7,0.8,998.9,9.8,18,0,240,0,31
30-Jan-20,10.3,4.7,0.8,994.2,9,19,0,240,0,31
31-Jan-20,12,8.2,12.5,990.5,14.9,21,0,230,0,37
01-Feb-20,10.9,6,3.5,994.1,11.2,22,0,230,0,37
02-Feb-20,10.8,4,4.3,997.2,11.9,20,0,220,0,35
03-Feb-20,8.3,3.9,2.5,1007.6,9.4,15,0,270,0,29
04-Feb-20,9.6,0.5,1,1022.7,6.4,18,0,290,0,29
05-Feb-20,8.8,-0.5,0.1,1028.9,3.3,9,0,200,0,14
06-Feb-20,10.1,0.8,0,1019.2,5.6,11,0,140,0,17
07-Feb-20,11.1,3.3,2.3,1001.6,9.3,21,0,210,0,34
08-Feb-20,10.8,3.5,14.7,989.8,13.4,23,0,230,0,34
09-Feb-20,11.3,3.7,26.2,976.1,17,25,0,230,0,42
10-Feb-20,6.2,1.2,5.9,989.8,15.9,26,0,270,0,44
11-Feb-20,5.7,0.9,4,1000.6,12.4,21,0,270,0,37
12-Feb-20,7.3,-0.1,6.7,993.8,8.1,18,0,260,0,28
13-Feb-20,8,1.2,2,991,5.5,14,0,310,0,21
14-Feb-20,10.4,5,4.8,998.4,11.1,21,0,220,0,35
15-Feb-20,10.2,5.2,19.7,983.6,13.6,26,0,220,0,42
16-Feb-20,7.6,3.3,6.9,977.8,19,27,0,220,0,46
17-Feb-20,8,3.3,2.3,996.8,11.8,21,0,230,0,37
18-Feb-20,7,1.7,11.8,1009.6,9.9,19,0,240,0,38
19-Feb-20,10,3.3,29.6,1004.1,11.4,20,0,220,0,34
20-Feb-20,9.7,1.8,9.5,1001.8,10.9,20,0,270,0,33
21-Feb-20,10.9,7.1,12.8,1004.3,20.5,26,0,220,0,41
22-Feb-20,10.2,5,17.6,1004.6,11.7,22,0,240,0,35
23-Feb-20,8.1,2.9,13.9,1008.3,5.4,14,0,100,0,20
24-Feb-20,10.8,3.2,19.7,999.3,11.6,21,0,230,0,35
25-Feb-20,6.2,1.1,4.7,995.6,9.4,18,0,290,0,30
26-Feb-20,7.6,0.4,2.6,999.6,6.9,16,0,290,0,23
27-Feb-20,8.9,-2,0.1,1000.3,5.1,11,0,260,0,18
28-Feb-20,11.4,3.6,9,987.2,9.7,17,0,220,0,28
29-Feb-20,6.9,0.5,10.3,967.2,17.5,33,0,230,0,54
01-Mar-20,7.4,1.2,3.2,976,10.6,20,0,260,0,35
02-Mar-20,7.3,0.1,4.3,984,8.6,17,0,280,0,29
03-Mar-20,8.8,1.9,1,996.2,5.5,14,0,290,0,22
04-Mar-20,10.1,-1.4,0,1000.8,2.9,6,0,310,0,10
05-Mar-20,8.1,-2,1.7,995.2,4.5,12,0,200,0,19
06-Mar-20,9.9,3.1,3.8,998.8,9.5,18,0,310,0,25
07-Mar-20,12.2,7.3,8.2,997,15.1,21,0,210,0,34
08-Mar-20,9.5,4.5,3.4,996.4,11.5,19,0,250,0,33
09-Mar-20,11,5.5,19.2,999.7,13,20,0,230,0,36
10-Mar-20,10.9,4.9,5,996,12.1,20,0,230,0,34
11-Mar-20,9.3,0.9,13.8,994.6,12,21,0,220,0,35
12-Mar-20,9.2,0.9,6.5,1001.6,13.8,25,0,260,0,45
13-Mar-20,9.8,5.2,0.2,1006.6,7.2,12,0,120,0,22
14-Mar-20,11.1,5.5,8.1,997.5,10.1,19,0,230,0,34
15-Mar-20,10.2,-0.2,2.9,1001.9,9.2,20,0,310,0,31
16-Mar-20,10,-1,9,1010.7,9.7,17,0,210,0,29
17-Mar-20,12.3,4.7,11.5,1012.1,8.6,19,0,220,0,32
18-Mar-20,8,-0.7,0,1019.6,4.4,11,0,280,0,15
19-Mar-20,9.8,-3,0.1,1025.9,5.8,14,0,20,0,22
20-Mar-20,10.2,-1.1,0.1,1026,7.7,14,0,100,0,20
21-Mar-20,5.4,3.6,4.6,1020.1,6.5,13,0,80,0,18
22-Mar-20,10.7,1.4,0,1019.5,5.3,11,0,130,0,16
23-Mar-20,11.6,3.2,0,1015.4,7.8,14,0,200,0,20
24-Mar-20,13,7,0,1011.2,10.1,17,0,200,0,26
25-Mar-20,15.3,7.3,1.5,1015.5,6.2,10,0,200,0,16
26-Mar-20,12.3,4.9,0,1020.6,5.5,8,0,50,0,12
27-Mar-20,14.3,1.4,0,1024.6,6.3,11,0,50,0,17
28-Mar-20,12.2,3.8,0,1032.8,9.7,18,0,60,0,26
29-Mar-20,8.2,-0.7,0,1040.9,7.8,14,0,60,0,21
30-Mar-20,10.9,-1.9,0.1,1038.3,8,15,0,10,0,24
31-Mar-20,9.9,4.7,0,1031.1,6.5,10,0,20,0,16
01-Apr-20,11.4,3.9,0,1023.2,7,14,0,320,0,19
02-Apr-20,11.7,5.7,0.2,1015.5,7.7,16,0,290,0,25
03-Apr-20,11.3,5.1,0,1011.8,6,14,0,250,0,22
04-Apr-20,13.1,5.2,0,1005.7,8.5,15,0,150,0,26
05-Apr-20,14.2,8.6,2.9,993.4,13.1,19,0,140,0,35
06-Apr-20,12,4.4,0.4,1006.2,9.9,16,0,230,0,26
07-Apr-20,14.9,1,0,1019.6,5.5,14,0,190,0,23
08-Apr-20,16.5,5.3,0,1019.4,3.8,8,0,190,0,12
09-Apr-20,18.7,3.1,0,1017.7,4.3,10,0,130,0,14
10-Apr-20,17.5,7.5,0.1,1016.8,3.4,6,0,250,0,10
11-Apr-20,13.1,8.4,0.1,1017,6.5,12,0,260,0,18
12-Apr-20,9.7,6.6,5,1013.6,7.4,15,0,20,0,24
13-Apr-20,11.4,1.6,0,1021.7,9.5,17,0,50,0,24
14-Apr-20,15.2,-1.1,0.1,1022.4,3.8,8,0,200,0,12
15-Apr-20,17.1,-0.1,0,1016.4,3.9,8,0,110,0,12
16-Apr-20,16.7,4.7,0,1011.2,7.7,12,0,90,0,21
17-Apr-20,17.6,6.7,0.5,1009.3,8.6,14,0,60,0,20
18-Apr-20,11.7,8.2,3.7,1011.9,7.9,13,0,80,0,19
19-Apr-20,15.9,6.5,0,1014.2,8,13,0,120,0,19
20-Apr-20,15.7,5,0,1014.8,8.5,14,0,70,0,20
21-Apr-20,16.3,4,0,1015.9,7.5,13,0,80,0,22
22-Apr-20,16.7,6.2,0,1018.1,6.9,12,0,70,0,18
23-Apr-20,20.2,5.4,0,1015.6,4.3,8,0,80,0,11
24-Apr-20,19.4,7.1,0,1011.1,3.5,6,0,80,0,10
25-Apr-20,20.4,5.6,0,1008,4.7,11,0,350,0,17
26-Apr-20,13.4,3.2,0,1007.6,5.6,11,0,350,0,17
27-Apr-20,14.5,-0.4,0,1005.1,4.1,9,0,50,0,15
28-Apr-20,15.1,1.6,1,999.3,3,8,0,220,0,11
29-Apr-20,13.4,5,25.6,989.6,6.8,13,0,120,0,22
30-Apr-20,12.7,4.1,7.2,987.9,5.5,15,0,320,0,21
01-May-20,12.6,4.8,0.5,997.7,7.3,17,0,320,0,25
02-May-20,15.9,2.4,0,1006.2,3.3,7,0,320,0,9
03-May-20,17,6,0,1011.6,4.5,9,0,0,0,15
04-May-20,16.6,4.3,0,1014.9,8.2,15,0,60,0,22
05-May-20,17.2,7.5,0,1014.3,10.8,17,0,90,0,28
06-May-20,18.6,8.9,0.9,1016.7,8.7,15,0,100,0,23
07-May-20,16.4,9.2,8,1013.9,6,12,0,150,0,17
08-May-20,19.6,7.9,0,1011.9,2.9,6,0,340,0,9
09-May-20,22.1,6.1,0,1008.9,3.5,9,0,340,0,12
10-May-20,13.2,4.4,0.1,1013.8,9.9,18,0,80,0,26
11-May-20,12.4,0.7,0,1022,7.5,15,0,80,0,23
12-May-20,12.9,-1.6,0,1019.7,4.4,9,0,350,0,16
13-May-20,12.3,2.4,0,1017.7,6.2,12,0,60,0,21
14-May-20,15.8,-1.1,0,1021.4,4.2,11,0,340,0,18
15-May-20,13.5,1.6,0,1022.9,4.4,10,0,280,0,15
16-May-20,14.4,6,0,1020.1,5.7,11,0,260,0,17
17-May-20,15.1,9.9,2.9,1016.1,8.3,15,0,220,0,22
18-May-20,16.4,10.7,10.2,1014.4,7.9,12,0,200,0,20
19-May-20,16.7,12.1,5.1,1016,6.8,13,0,220,0,21
20-May-20,18.2,10.4,0,1012,6.6,12,0,140,0,21
21-May-20,16.6,9.1,8.8,1004.3,7.7,15,0,150,0,24
22-May-20,14,9.8,2.3,998.3,19.8,29,0,220,0,46
23-May-20,13.3,7.6,9.8,1012.3,14.1,20,0,220,0,37
24-May-20,15.6,7.4,0,1023.8,8.8,15,0,230,0,24
25-May-20,16.3,6.4,1,1026.8,7.2,13,0,220,0,22
26-May-20,18.9,8.8,0,1030.9,3.7,7,0,260,0,12
27-May-20,23.3,6.3,0,1031,2.2,6,0,100,0,10
28-May-20,25.4,10.5,0,1025,5.7,11,0,140,0,18
29-May-20,24.2,12.4,0,1017.9,7.9,13,0,150,0,22
30-May-20,24.7,8.6,0,1014.5,7.4,13,0,100,0,21
31-May-20,25,11.1,0,1016.4,6.7,11,0,90,0,18
01-Jun-20,26.6,9.2,0,1019.2,4,12,0,320,0,18
02-Jun-20,21.5,8.5,0.9,1016.9,5.9,12,0,260,0,20
03-Jun-20,17.3,9.5,0,1012.6,10.6,16,0,10,0,26
04-Jun-20,16,9.5,0.3,1005.8,9.1,16,0,310,0,24
05-Jun-20,15.1,5.9,0.8,1000.4,11.7,20,0,340,0,30
06-Jun-20,13.1,5.1,0.4,1002.8,13.3,19,0,320,0,29
07-Jun-20,13.9,9.3,0,1010,9.2,15,0,330,0,20
08-Jun-20,15,8.9,0,1016.1,5,9,0,240,0,15
09-Jun-20,14.5,7.7,0.1,1014.4,4.7,10,0,220,0,16
10-Jun-20,14.6,8.8,2.5,1009.7,7.8,17,0,0,0,23
11-Jun-20,17.6,9,0.6,1012,9.9,16,0,50,0,24
12-Jun-20,17.7,10.6,0.1,1008.3,8.2,13,0,50,0,21
13-Jun-20,16.8,12.1,0.1,1004.9,5.6,9,0,60,0,14
14-Jun-20,22.2,11.4,1.8,1008.6,5.3,10,0,60,0,16
15-Jun-20,24.3,10.5,2,1010.8,3.6,9,0,30,0,15
16-Jun-20,15.9,11.1,0,1011.4,5.4,9,0,340,0,13
17-Jun-20,17.8,11.4,0.4,1010.7,6.4,9,0,330,0,14
18-Jun-20,20.8,10.1,0,1007.9,4.8,10,0,260,0,17
19-Jun-20,17.4,9.2,2.9,1007,6.2,12,0,270,0,21
20-Jun-20,17.3,6.3,5.9,1001.9,11.3,22,0,140,0,36
21-Jun-20,15.9,10.3,1.5,1004.9,11.2,19,0,240,0,31
22-Jun-20,20.5,11.2,9.9,1007.7,9.8,19,0,180,0,29
23-Jun-20,17,11.9,15,1011.2,4.1,10,0,140,0,15
24-Jun-20,20,11.7,5.3,1014.3,3.8,9,0,300,0,12
25-Jun-20,23.2,11.2,0,1010.1,3.3,8,0,220,0,13
26-Jun-20,16.3,12.3,2,999.3,5,10,0,90,0,15
27-Jun-20,14.3,11.3,8.6,993.3,8.7,16,0,290,0,28
28-Jun-20,15.1,10.8,5.7,998.2,13.8,19,0,240,0,37
29-Jun-20,12.9,11.1,0.2,1001.5,10.2,16,0,250,0,29
30-Jun-20,17.9,10.5,0.9,999.5,4.1,7,0,250,0,14
01-Jul-20,17.4,11.5,3.6,1001.4,4.7,9,0,320,0,14
02-Jul-20,16.4,9.3,1.2,1007.1,6.9,12,0,200,0,19
03-Jul-20,15.6,10.9,20.6,1002.7,11.1,17,0,210,0,29
04-Jul-20,16.8,12.6,6.9,998,10.7,20,0,220,0,35
05-Jul-20,15.2,11,2.1,1005.8,13,21,0,240,0,38
06-Jul-20,16.6,9.3,0.1,1016.3,6.8,11,0,240,0,19
07-Jul-20,15.3,10,14.5,1013.3,6.4,13,0,240,0,23
08-Jul-20,14.8,11.1,14,1007,6.3,11,0,60,0,17
09-Jul-20,18.4,8.3,0.1,1011.1,8.2,14,0,330,0,19
10-Jul-20,18.1,6.3,0.2,1019.4,7.2,14,0,310,0,21
11-Jul-20,18.2,5.5,0,1022.9,2.9,6,0,220,0,10
12-Jul-20,16.2,9.2,10.2,1019.7,5.6,10,0,200,0,15
13-Jul-20,16.1,11.1,3.4,1016.6,6.7,11,0,230,0,17
14-Jul-20,14.9,10.4,2.3,1015.2,6,11,0,240,0,19
15-Jul-20,20.9,11.9,0,1014.8,7,12,0,270,0,17
16-Jul-20,18.7,13.9,0.5,1016.8,8.3,13,0,210,0,22
17-Jul-20,16.1,14.1,16.8,1013.3,10.8,14,0,220,0,24
18-Jul-20,18,7.4,0.4,1013.6,5.1,10,0,320,0,15
19-Jul-20,18.8,4.5,0,1018.5,4.4,10,0,320,0,16
20-Jul-20,18.7,4,0,1021.3,3.4,8,0,220,0,14
21-Jul-20,18.8,8.4,0.1,1020.3,4.5,9,0,250,0,15
22-Jul-20,16.7,12.6,8.7,1014.8,8.4,13,0,220,0,23
23-Jul-20,17.4,13.5,2.6,1009.7,6.5,9,0,250,0,16
24-Jul-20,16.8,12.6,12.2,1003.7,6.7,14,0,200,0,22
25-Jul-20,16.9,12.2,3.5,999.2,7.2,13,0,230,0,26
26-Jul-20,17.6,12.1,4.4,999.8,6.8,12,0,250,0,24
27-Jul-20,17.7,10.3,10.7,998.7,9,18,0,300,0,28
28-Jul-20,17.4,9.8,0.5,1011.4,7,12,0,290,0,19
29-Jul-20,15.4,11.2,16.4,1010.8,5.2,10,0,140,0,15
30-Jul-20,19,15.3,8.1,1003.4,8.4,15,0,140,0,23
31-Jul-20,19.6,12.5,10.2,1003.2,6.8,14,0,150,0,25
01-Aug-20,17.6,11.4,4.6,1009.5,5.8,11,0,230,0,19
02-Aug-20,16.6,10.7,0.3,1011.8,5.6,12,0,220,0,19
03-Aug-20,17.2,10.2,2.6,1011.8,5,10,0,230,0,16
04-Aug-20,21,11.9,4.9,1003.6,12.7,23,0,210,0,36
05-Aug-20,18.4,14.2,17.6,1001.3,5.8,11,0,230,0,19
06-Aug-20,21.7,12,0.1,1006.8,6.1,12,0,150,0,19
07-Aug-20,19.1,9.2,1,1012.3,5.7,11,0,230,0,17
08-Aug-20,23,7.1,0,1018.7,2.6,6,0,290,0,10
09-Aug-20,24,8.8,0,1015.9,2.8,7,0,330,0,12
10-Aug-20,20.9,10.3,0.9,1013.4,3,9,0,70,0,12
11-Aug-20,24.6,13.5,0.1,1012.2,2.4,5,0,220,0,8
12-Aug-20,24.9,11.8,0,1010.9,4.1,9,0,340,0,15
13-Aug-20,24.2,13.8,7.3,1010.8,5.3,10,0,320,0,15
14-Aug-20,21.3,16.3,2.5,1010.8,5.1,9,0,60,0,14
15-Aug-20,23,14.7,0,1010,5,8,0,80,0,12
16-Aug-20,19.8,14.6,0,1006.9,6.5,10,0,60,0,16
17-Aug-20,18.9,15.5,2.4,1001.7,3.6,6,0,90,0,10
18-Aug-20,20.7,13.9,7.7,998.8,5.1,10,0,260,0,16
19-Aug-20,18.1,12.8,3,980.2,8.9,25,0,90,0,46
20-Aug-20,19.7,13,11.4,971.9,12.4,36,0,220,0,56
21-Aug-20,17.3,13.6,5,984.1,11.9,21,0,210,0,34
22-Aug-20,19.2,13.9,4.4,1002.2,10.5,18,0,220,0,29
23-Aug-20,17,12.3,0.7,1010.6,7.4,14,0,230,0,25
24-Aug-20,18.7,9.5,10.8,1001.3,4.6,16,0,80,0,26
25-Aug-20,17.4,12.3,19.6,988.5,11.4,21,0,90,0,30
26-Aug-20,17.9,11.9,0,1006.9,6.2,13,0,240,0,23
27-Aug-20,16.1,11.6,2.6,1004.5,5.2,9,0,350,0,15
28-Aug-20,17.9,8.9,0.2,1006.4,9.9,15,0,350,0,26
29-Aug-20,15.8,6.2,0.1,1015.2,7.6,15,0,350,0,23
30-Aug-20,17.7,5.1,0,1016.6,2.3,6,0,0,0,8
31-Aug-20,18.7,5.2,0,1013.2,5.9,10,0,170,0,17
01-Sep-20,19.5,13.9,0.9,1009.7,6.1,11,0,190,0,17
02-Sep-20,18.2,13.4,25.7,1005.1,10,15,0,210,0,24
03-Sep-20,17.1,11.5,1,1008.3,9.4,16,0,230,0,28
04-Sep-20,16.7,11,1.9,1015.2,7.5,14,0,300,0,23
05-Sep-20,16,9.1,1.1,1016.9,6.3,12,0,270,0,22
06-Sep-20,19.2,11.9,0.1,1016.8,5.4,11,0,290,0,16
07-Sep-20,16.5,13.3,13.5,1015.8,10.3,16,0,220,0,26
08-Sep-20,17.2,14.5,11.4,1016.2,9.2,14,0,220,0,27
09-Sep-20,18.2,9.1,0,1020.3,5.3,12,0,310,0,18
10-Sep-20,14.7,10.8,0.8,1016.5,5.7,14,0,220,0,21
11-Sep-20,15.4,10.9,2.4,1007.5,9.4,16,0,220,0,25
12-Sep-20,16.9,10.9,0.9,1009.5,11.2,21,0,220,0,33
13-Sep-20,19.5,14.5,0.1,1011.4,11,19,0,210,0,31
14-Sep-20,18,13.8,1.8,1011.7,5.1,11,0,80,0,15
15-Sep-20,22.4,11.5,10.8,1013.9,3.2,9,0,190,0,12
16-Sep-20,23.5,14.4,0.1,1020.4,4.2,9,0,80,0,13
17-Sep-20,19.2,13.1,0,1022.2,6,12,0,90,0,15
18-Sep-20,18.8,8.9,0.2,1019.5,7.4,13,0,40,0,20
19-Sep-20,16.5,7.4,0.1,1017.2,6.5,13,0,80,0,22
20-Sep-20,18.7,7.1,0,1016.4,4.8,10,0,90,0,16
21-Sep-20,15.4,8.2,0,1011.1,4.5,9,0,230,0,17
22-Sep-20,15.7,7.2,3.1,1001.8,8.4,16,0,210,0,25
23-Sep-20,14.1,4.3,0.1,992.6,4.3,10,0,220,0,15
24-Sep-20,13.6,6.6,1.9,991.9,9.5,16,0,340,0,28
25-Sep-20,13.8,2,0.3,1008.7,8.9,18,0,320,0,26
26-Sep-20,14.3,0.6,0,1015.5,4.1,9,0,0,0,15
27-Sep-20,14.9,0,0,1012,3.2,8,0,200,0,12
28-Sep-20,16.9,3.9,2.1,1008.6,5.6,13,0,280,0,18
29-Sep-20,15.2,3.6,2.9,1003.1,7,16,0,150,0,29
30-Sep-20,13.1,2.3,7.1,995.2,6.2,15,0,310,0,22
01-Oct-20,11.6,2.4,2,992,3.8,9,0,340,0,14
02-Oct-20,13.9,1.9,0.2,994.6,8.1,15,0,320,0,24
03-Oct-20,14.6,4.5,0,993.5,5.5,10,0,310,0,15
04-Oct-20,11.8,4.8,3.3,988.9,14.9,22,0,300,0,35
05-Oct-20,13.6,10.9,1.8,992.4,8.8,16,0,300,0,23
06-Oct-20,13.8,8.8,4,996.6,9,17,0,290,0,23
07-Oct-20,12.7,5.3,14.4,1003.5,4.3,10,0,340,0,17
08-Oct-20,13.9,6.5,1.1,1007.1,8,15,0,220,0,22
09-Oct-20,12.8,5.7,2.2,1015.8,5.6,17,0,280,0,28
10-Oct-20,13,5.1,0.4,1023.4,6.9,13,0,300,0,19
11-Oct-20,14.6,6,4.9,1022.2,2.7,6,0,300,0,8
12-Oct-20,13.6,7.9,2.3,1015.8,9,17,0,320,0,34
13-Oct-20,12.5,6.8,0.7,1015.3,7.4,12,0,320,0,19
14-Oct-20,14.4,5.4,0,1021.6,6.1,11,0,60,0,18
15-Oct-20,14.8,3.7,0.2,1023.1,5.4,9,0,110,0,14
16-Oct-20,12.9,4.1,0,1020.5,6.5,12,0,120,0,19
17-Oct-20,13.2,4.2,0.2,1018.3,7.2,15,0,70,0,22
18-Oct-20,14.7,5.9,0.2,1013.7,5.6,10,0,170,0,20
19-Oct-20,13.5,11.1,24.5,995.8,9,14,0,100,0,21
20-Oct-20,13.6,10.9,8.3,979.5,10.9,19,0,140,0,28
21-Oct-20,12.3,5.6,1.4,992.7,9.7,18,0,310,0,26
22-Oct-20,12.4,3.9,0.5,999.5,6.1,10,0,230,0,18
23-Oct-20,12,5.2,4,992.5,8.3,18,0,170,0,31
24-Oct-20,11.8,6.9,9.2,981.5,11.5,20,0,220,0,36
25-Oct-20,11.4,6.4,7.4,980.9,11,18,0,200,0,33
26-Oct-20,13.1,6.9,0.7,989.8,7.1,15,0,280,0,23
27-Oct-20,12.1,6.3,5.6,986,9.7,17,0,200,0,28
28-Oct-20,9.9,5.5,18.7,991.3,8.8,18,0,210,0,35
29-Oct-20,14.7,8.3,36.2,995,14.3,23,0,220,0,38
30-Oct-20,12.1,7.1,0.1,1001.4,6.1,15,0,100,0,22
31-Oct-20,15.8,8,13.5,987.4,14.7,24,0,240,0,44
01-Nov-20,10.8,6.1,12.8,982.3,10.3,20,0,190,0,34
02-Nov-20,9.5,5.4,14.9,993.7,8.5,20,0,260,0,31
03-Nov-20,10.7,0.3,1.1,1014.3,6.1,13,0,310,0,24
04-Nov-20,10.1,-1.6,0,1030.3,1.9,5,0,280,0,6
05-Nov-20,10.9,2.8,0,1031.5,2.8,5,0,180,0,8
06-Nov-20,10.8,4.4,0,1020.7,5.6,12,0,90,0,16
07-Nov-20,11,6.5,6,1011.2,6.4,10,0,70,0,16
08-Nov-20,14.9,10.6,1,1007.1,6.9,10,0,110,0,16
09-Nov-20,15.5,9.5,0.1,1008.1,5.5,10,0,110,0,15
10-Nov-20,12.5,9,3.3,1008.5,6.7,13,0,140,0,23
11-Nov-20,13.7,6.4,21,996.7,8.9,14,0,160,0,28
12-Nov-20,12.6,5.9,10.5,996.4,8.7,14,0,190,0,26
13-Nov-20,9.1,5.8,6.2,996.9,8,13,0,190,0,31
14-Nov-20,13.3,8,7.7,986.1,10.9,22,0,230,0,37
15-Nov-20,10.8,6.6,2.6,987.2,9.6,15,0,260,0,26
16-Nov-20,13.3,7.9,9.4,1000.8,11.4,21,0,220,0,32
17-Nov-20,14.9,12.6,0.9,1002.1,11.2,17,0,220,0,29
18-Nov-20,14.2,7,9.2,1005.5,13.6,24,0,220,0,40
19-Nov-20,8.6,3,2.1,1022.3,6.6,17,0,290,0,27
20-Nov-20,12.4,7.9,6.5,1019.7,13.3,19,0,220,0,31
21-Nov-20,11.6,4.9,2.5,1016.2,8.6,19,0,210,0,30
22-Nov-20,10.1,0.4,0.3,1020.4,3.6,9,0,240,0,16
23-Nov-20,11.3,2.4,12.2,1012.9,9.9,17,0,190,0,26
24-Nov-20,12,3.1,16.4,1001.3,7.4,16,0,310,0,24
25-Nov-20,10,-0.1,0.1,1009.4,3.3,8,0,280,0,11
26-Nov-20,8.1,-1,0.1,1017.2,2,6,0,180,0,10
27-Nov-20,7.1,0,0,1012.5,2.9,5,0,90,0,8
28-Nov-20,8.5,0.4,0.1,1012.8,5.6,9,0,60,0,13
29-Nov-20,8.8,6.2,0.1,1020.3,2.8,5,0,220,0,9
30-Nov-20,10.9,7,1,1022.4,6.1,12,0,230,0,19
01-Dec-20,10.3,8.2,0.5,1023.2,4.8,9,0,260,0,19
02-Dec-20,9.4,5.1,1.8,1009.4,7.8,15,0,250,0,26
03-Dec-20,6,-1.4,5,989.1,4.9,12,0,260,0,23
04-Dec-20,7.2,-0.3,2.2,985.4,14.5,22,0,340,0,44
05-Dec-20,7.5,1.4,5.4,994.6,11.1,21,0,320,0,30
06-Dec-20,7.4,1,0,998.1,3.4,9,0,80,0,13
07-Dec-20,2.1,-1.8,0,997.3,3.9,9,0,70,0,12
08-Dec-20,8.3,-1.8,0,1002.3,5.5,11,0,300,0,18
09-Dec-20,8.4,0.3,17.7,995.3,5.9,12,0,150,0,20
10-Dec-20,10.7,1.9,6.2,983.8,6.3,14,0,230,0,21
11-Dec-20,10.1,4,6.2,982.6,5.2,10,0,280,0,16
12-Dec-20,9.1,2.6,2.8,994.6,5.2,15,0,140,0,22
13-Dec-20,11.9,6,13.8,981.7,7.6,13,0,130,0,21
14-Dec-20,9.1,5.9,0.7,980.1,9.3,13,0,190,0,20
15-Dec-20,8.4,4.3,1.2,987.3,7.2,12,0,190,0,20
16-Dec-20,10.2,4.9,10.1,984.7,10.2,21,0,180,0,38
17-Dec-20,11.6,4.8,3.7,995.8,7.7,13,0,170,0,26
18-Dec-20,12,7.1,2.2,988.9,8.9,18,0,130,0,29
19-Dec-20,8.1,4.9,6.6,987,8.8,15,0,200,0,26
20-Dec-20,8.2,3.1,5.9,997.5,7.1,13,0,220,0,20
21-Dec-20,7.3,-1.2,10,998.2,5.2,12,0,350,0,18
22-Dec-20,4.7,-2.1,7.3,1005.1,3.4,11,0,30,0,18
23-Dec-20,7.1,2,0.8,1013.4,10,16,0,350,0,27
24-Dec-20,6.3,0.2,0,1027.8,5.3,11,0,310,0,15
25-Dec-20,8.9,0.6,1.5,1025.9,6.6,14,0,230,0,23
26-Dec-20,8.9,5.3,19.9,997.2,16.3,28,0,220,0,45
27-Dec-20,5.4,1.2,8,970.2,7.7,16,0,270,0,33
28-Dec-20,6.2,3,7.1,976.6,15,24,0,320,0,37
29-Dec-20,6,0.7,3.9,993.8,12,24,0,310,0,35
30-Dec-20,4.1,-3.4,0,1001.3,2.9,6,0,310,0,8
31-Dec-20,5.7,-4.5,1.1,1007.4,7,13,0,300,0,20
01-Jan-21,5.8,-3.2,0,1014.4,5.7,11,0,320,0,15
02-Jan-21,5.6,-3.8,0.2,1018.8,4.5,8,0,320,0,12
03-Jan-21,4.9,-5.6,0,1021,4.3,8,0,10,0,13
04-Jan-21,3.7,-1.1,0,1023.4,6.1,9,0,20,0,17
05-Jan-21,4.5,-0.9,0,1024.6,6.3,9,0,0,0,14
06-Jan-21,3.6,-6.1,0,1020.2,2.4,6,0,330,0,9
07-Jan-21,5.7,-1.5,2.8,1016.4,4.8,13,0,320,0,20
08-Jan-21,3.5,-1.9,0,1019.8,5.1,9,0,330,0,12
09-Jan-21,3.2,-4.3,1,1022.2,4,7,0,190,0,12
10-Jan-21,7.4,1.4,0.8,1019.1,5.8,12,0,240,0,21
11-Jan-21,9.6,6.5,14.5,1010.8,13,17,0,220,0,29
12-Jan-21,10,6.1,14.2,1009.3,6.3,11,0,250,0,21
13-Jan-21,10.9,8.7,16,1010.6,9.1,14,0,230,0,23
14-Jan-21,9.7,1,0.1,1017.1,4.8,11,0,290,0,17
15-Jan-21,10.1,-0.5,10.4,1013.8,7.8,16,0,140,0,25
16-Jan-21,9.7,3.7,1.4,1011.9,8.4,15,0,250,0,26
17-Jan-21,7.9,1.6,0.9,1020.3,4.7,10,0,230,0,18
18-Jan-21,8.6,3.9,10.6,1008.8,4.4,9,0,200,0,12
19-Jan-21,10.7,5.7,38.6,989.7,9.4,17,0,220,0,27
20-Jan-21,5.9,0.6,0.9,978.2,4.7,9,0,300,0,13
21-Jan-21,7.1,-2.2,0.1,980,4.5,10,0,300,0,15
22-Jan-21,6.1,-2.7,0.3,987.8,3.9,14,0,270,0,20
23-Jan-21,4.5,-5.3,1.7,991,3.7,11,0,190,0,22
24-Jan-21,2.6,-6,5.7,995.2,3.6,9,0,320,0,14
25-Jan-21,4.4,-6.4,0,1004.8,3.8,7,0,200,0,10
26-Jan-21,10,4,7.5,1002.3,6.9,12,0,220,0,20
27-Jan-21,10.9,8.2,8.3,998.6,3.6,10,0,190,0,16
28-Jan-21,11.4,8.2,9,989.4,9.9,17,0,230,0,28
29-Jan-21,11.3,5.7,1.8,991.2,6.7,16,0,80,0,23
30-Jan-21,7,3.9,12.1,991,14,19,0,70,0,30
31-Jan-21,6.2,2.9,8.4,989,10.2,16,0,90,0,24
01-Feb-21,8.4,3.9,11.1,984.9,7.1,14,0,80,0,20
02-Feb-21,10.3,7,11.9,977.9,7,14,0,220,0,22
03-Feb-21,8.1,6,10.1,984,8.7,14,0,130,0,22
04-Feb-21,9.6,4.1,1.3,993.8,4.3,13,0,220,0,20
05-Feb-21,7,2.1,0.5,1001.9,5.6,11,0,290,0,16
06-Feb-21,6.6,3.3,0,1005.6,5.8,10,0,60,0,14
07-Feb-21,4.9,2.1,0.1,1004.2,11.7,17,0,70,0,28
08-Feb-21,3.3,-0.3,0,1003.3,10.7,15,0,70,0,29
09-Feb-21,3.3,-0.8,0,1004.5,11,18,0,80,0,28
10-Feb-21,3.5,-2.4,0,1011.9,7.2,12,0,60,0,19
11-Feb-21,1.9,-1.7,4.7,1013.4,12.9,18,0,90,0,27
12-Feb-21,4.9,1.2,1.5,1013.6,13.3,17,0,110,0,31
13-Feb-21,11.3,1.3,2.4,1007,14.9,21,0,110,0,33
14-Feb-21,13.4,7.7,1,996,13.4,22,0,180,0,34
15-Feb-21,12.9,7.8,10.3,996.4,9.5,16,0,140,0,26
16-Feb-21,10.7,7,1.1,991.5,11.6,18,0,190,0,30
17-Feb-21,9.1,1.6,18.7,988,10.3,20,0,190,0,34
18-Feb-21,9.1,1.6,6.5,987.7,9.5,18,0,130,0,29
19-Feb-21,12.6,6.6,11,981.7,10.1,20,0,140,0,34
20-Feb-21,12.9,5.6,2.9,978.5,10.5,20,0,140,0,35
21-Feb-21,11.2,3.4,1,994.2,7.6,14,0,190,0,23
22-Feb-21,11.4,-0.3,0.7,1000.7,9.1,22,0,140,0,36
23-Feb-21,13.3,8.9,13.4,993.7,12.7,20,0,180,0,36
24-Feb-21,11.2,5.5,1.2,1005.7,9.6,17,0,190,0,25
25-Feb-21,9.7,3,0,1019.8,6.4,14,0,230,0,21
26-Feb-21,11.9,2.1,0.1,1029.5,5.7,12,0,190,0,19
27-Feb-21,10.2,7.1,1.8,1033.6,3.5,7,0,200,0,12
28-Feb-21,11.6,2.3,0.1,1031.3,3.7,9,0,120,0,13
01-Mar-21,11.5,1,0,1025.4,6.1,10,0,90,0,15
02-Mar-21,6.9,0.9,0,1023.6,4.6,8,0,70,0,12
03-Mar-21,5,2.3,0,1023.6,4.8,8,0,60,0,11
04-Mar-21,5.5,3.3,0,1023.7,4.3,10,0,70,0,15
05-Mar-21,7.1,0.4,0,1027.3,5.5,10,0,110,0,15
06-Mar-21,8.9,1.7,0,1027.3,5.3,10,0,140,0,16
07-Mar-21,7.2,3.8,0,1023.1,4.9,7,0,190,0,11
08-Mar-21,8.8,5.6,4.9,1017.4,5.6,9,0,220,0,15
09-Mar-21,10.1,6.5,4.5,1005.1,10.3,20,0,190,0,32
10-Mar-21,12.6,6.5,11.4,982.6,14.3,27,0,220,0,48
11-Mar-21,9.2,4.1,7,981.2,12.5,22,0,210,0,36
12-Mar-21,8.8,2.5,9.6,986.3,11.6,20,0,200,0,32
13-Mar-21,8.2,1.4,3.9,993.4,10.4,20,0,290,0,32
14-Mar-21,10.9,4.4,0.7,1011.6,8.9,16,0,280,0,25
15-Mar-21,11.4,7.3,0.1,1020.1,7.2,11,0,240,0,18
16-Mar-21,14.7,4.2,0.4,1028.9,6.3,10,0,310,0,17
17-Mar-21,12.8,-0.6,0,1033.5,4.6,9,0,340,0,13
18-Mar-21,11.9,7.1,0.2,1031.1,7,12,0,330,0,18
19-Mar-21,13.1,2.8,0.2,1028.8,5.3,11,0,340,0,18
20-Mar-21,11,2.9,0.3,1029.8,3.2,9,0,340,0,16
21-Mar-21,11.2,5.8,0,1026.9,4.3,9,0,230,0,13
22-Mar-21,11,6.3,0.1,1019.5,5.8,10,0,190,0,15
23-Mar-21,11.8,6,1.6,1011.3,9.5,18,0,210,0,32
24-Mar-21,10.2,4,6.2,1010.1,8.5,18,0,200,0,28
25-Mar-21,12.5,6.3,7,1002.2,10.7,19,0,220,0,31
26-Mar-21,7.9,1.7,7.9,1000.5,10.7,21,0,270,0,38
27-Mar-21,11,3,5,1005.7,11.6,21,0,210,0,32
28-Mar-21,12.6,8.9,26.4,1003.5,17.2,24,0,210,0,39
29-Mar-21,14,11.7,1.2,1011.4,14,22,0,210,0,36
30-Mar-21,15.8,7.7,0,1017.4,7.9,12,0,190,0,18
31-Mar-21,11.2,7.4,3.5,1014.6,4,7,0,340,0,11
01-Apr-21,13.9,6.4,0.1,1020.2,10.6,16,0,80,0,24
02-Apr-21,14.3,4.1,0,1027.7,6.9,13,0,70,0,18
03-Apr-21,14.3,1.1,0,1029.5,4.1,8,0,80,0,11
04-Apr-21,12.5,0.2,0,1023.3,5.9,12,0,290,0,18
05-Apr-21,8.1,-1.2,0.4,1022.4,9,15,0,340,0,24
06-Apr-21,9.2,-1.5,1,1023.8,8.2,15,0,330,0,26
07-Apr-21,11.3,-0.3,0.4,1020.6,5.7,14,0,290,0,21
08-Apr-21,10.5,5.5,1.8,1013.6,10,19,0,250,0,30
09-Apr-21,9.8,-0.2,0.1,1011.1,5.5,14,0,350,0,22
10-Apr-21,8.8,-3.7,0.2,1014.9,5.3,14,0,320,0,21
11-Apr-21,10.6,-2.6,0.1,1019.3,6.6,14,0,290,0,21
12-Apr-21,10.1,3.4,4.7,1024.6,4.4,10,0,230,0,18
13-Apr-21,14.8,-0.5,0,1027.3,2.4,5,0,0,0,8
14-Apr-21,15.1,1.3,0,1027.4,4.2,9,0,110,0,14
15-Apr-21,14.9,1.3,0,1026,5.6,10,0,180,0,15
16-Apr-21,11.2,3.3,0,1023.6,7.1,13,0,190,0,21
17-Apr-21,12.9,7.1,1.2,1020.6,8.2,13,0,190,0,21
18-Apr-21,11.4,7,3.3,1016.9,5.1,7,0,180,0,13
19-Apr-21,10.9,7.7,5.8,1013.7,5.5,10,0,140,0,17
20-Apr-21,12.7,7.1,0.1,1014.3,4.5,10,0,10,0,15
21-Apr-21,16.9,5.4,0,1016.4,6.5,10,0,100,0,20
22-Apr-21,16.5,4.4,0,1019,6.6,12,0,100,0,20
23-Apr-21,17.1,3.7,0,1018.7,8,13,0,90,0,20
24-Apr-21,18.5,5.4,0,1020.8,7.3,13,0,100,0,19
25-Apr-21,17.4,3.9,0,1022.9,8.1,15,0,60,0,22
26-Apr-21,17.1,0.2,0,1017.5,5.4,12,0,320,0,18
27-Apr-21,13,7.3,4,1009.5,8,16,0,0,0,25
28-Apr-21,12.6,4.1,0,1009.3,7.2,11,0,30,0,19
29-Apr-21,12.2,0,0.7,1010.5,4.3,11,0,0,0,17
30-Apr-21,12.5,2.8,0,1012.4,4.1,10,0,50,0,16
01-May-21,12.9,-0.1,0,1014,3.6,9,0,220,0,14
02-May-21,12.3,-1.1,0,1013.7,4.3,10,0,260,0,16
03-May-21,11.4,6.4,13.3,997.4,14.6,25,0,300,0,42
04-May-21,10.6,3.8,2.2,1002.6,13.2,21,0,290,0,35
05-May-21,11,0.5,1.8,1006.9,5.9,16,0,310,0,22
06-May-21,12.1,-2.6,0,1007.8,5.9,14,0,330,0,23
07-May-21,13.3,-2.9,3.1,1004.1,6.5,16,0,100,0,26
08-May-21,16.3,5,12.9,988.7,10.3,20,0,90,0,31
09-May-21,15.4,9.4,8,978.6,10.8,19,0,190,0,33
10-May-21,13.5,7.4,3.2,985.1,9,18,0,210,0,28
11-May-21,15.6,5.7,0,994.7,7.1,13,0,160,0,23
12-May-21,16.1,3.8,0.6,1001.3,5.5,9,0,100,0,13
13-May-21,14.1,2.6,2.1,1005.7,3.4,10,0,300,0,16
14-May-21,15.6,3.7,2.4,1000.8,4.5,13,0,170,0,19
15-May-21,13.9,7.1,5.7,991.9,5.9,11,0,90,0,18
16-May-21,15.4,7.3,0.2,994.1,5.9,13,0,10,0,21
17-May-21,13.9,2.6,0.4,1002.4,5.7,13,0,220,0,20
18-May-21,14.5,5.4,0.4,1008.4,5.3,13,0,220,0,19
19-May-21,15.1,2.5,0.1,1011.3,4.9,11,0,240,0,17
20-May-21,13.5,8.1,17,992.4,11.9,19,0,100,0,32
21-May-21,10.8,5.4,3.1,992.2,12.1,17,0,320,0,25
22-May-21,11.8,2.1,0.6,1001.4,7.2,13,0,250,0,22
23-May-21,12.9,6.4,6.8,994.1,7.6,14,0,190,0,25
24-May-21,13.7,6,1.2,1001.2,9.3,18,0,310,0,27
25-May-21,15.7,4.5,0.2,1012.3,6.1,13,0,320,0,19
26-May-21,18,1.9,0,1012.7,2.6,5,0,330,0,8
27-May-21,12.9,4.1,10.3,1013.1,5.3,10,0,150,0,18
28-May-21,16.4,8.1,0.1,1016.2,3.3,6,0,330,0,10
29-May-21,20,7.8,0,1020.6,2.7,6,0,100,0,11
30-May-21,21.8,6.8,0,1020.1,3.7,10,0,190,0,20
31-May-21,20.9,7.9,0,1012.1,6.7,15,0,150,0,24
01-Jun-21,16.5,9.5,2.5,1009.1,6.1,13,0,330,0,19
02-Jun-21,16,9.2,2.4,1006.9,4.7,12,0,310,0,15
03-Jun-21,18.7,10.2,0.6,1009.3,7.3,17,0,170,0,31
04-Jun-21,17.8,10.3,0.8,1014.4,7.1,12,0,200,0,21
05-Jun-21,15.9,9.4,0.3,1018.2,5.4,11,0,270,0,16
06-Jun-21,17.2,4.3,0,1019.8,3.2,7,0,230,0,13
07-Jun-21,18.3,8.6,0.7,1015.6,6.3,13,0,190,0,20
08-Jun-21,20.2,12.9,0.5,1012.3,6.8,13,0,170,0,20
09-Jun-21,17.5,14.8,1,1010.3,7.2,12,0,220,0,20
10-Jun-21,19.2,14,0.8,1009,10.8,21,0,220,0,30
11-Jun-21,16.2,11.5,0.1,1013,8.1,14,0,200,0,22
12-Jun-21,17.9,11.3,0,1020,5.8,11,0,220,0,19
13-Jun-21,18.7,11.9,0.1,1019.4,6.2,12,0,250,0,19
14-Jun-21,14.9,7.5,0.4,1018.4,5.9,10,0,270,0,19
15-Jun-21,18.8,6,5.3,1012.4,6.2,13,0,200,0,21
16-Jun-21,16.5,9.4,1,1005.3,7,11,0,230,0,18
17-Jun-21,17.1,5.2,0,1011.5,6.9,16,0,300,0,22
18-Jun-21,16.1,2.1,0,1014.4,3.4,7,0,310,0,11
19-Jun-21,17.8,7.7,0,1007.2,5.1,12,0,140,0,20
20-Jun-21,20.9,9.1,0,1007.4,6.3,12,0,350,0,24
21-Jun-21,16.8,7.1,1,1015.7,9.1,14,0,0,0,24
22-Jun-21,14.4,3.7,4.6,1020.8,4.3,8,0,250,0,14
23-Jun-21,18.4,10.9,0.8,1020.4,5.7,11,0,230,0,17
24-Jun-21,15.3,8.9,6.8,1018.8,6.5,12,0,230,0,21
25-Jun-21,15.4,6.6,0.1,1018.2,8,12,0,340,0,21
26-Jun-21,17.4,5.2,0,1017.5,7.1,11,0,60,0,19
27-Jun-21,21.1,7.3,0,1016,6.9,13,0,330,0,18
28-Jun-21,19.7,10,0,1014.6,6.6,12,0,310,0,17
29-Jun-21,19.7,7.4,0,1015.3,6.7,10,0,320,0,17
30-Jun-21,20.7,7.1,0,1014.4,3.3,7,0,290,0,11
01-Jul-21,16.4,6.5,0,1013.7,4.2,10,0,250,0,16
02-Jul-21,18.3,11,2.3,1009.1,3.6,7,0,180,0,12
03-Jul-21,18.5,13.2,9.8,1001.9,5.9,11,0,110,0,18
04-Jul-21,16.9,11.5,7.4,997.9,4.7,10,0,250,0,18
05-Jul-21,18.4,9.9,1.7,995.8,5,9,0,250,0,13
06-Jul-21,16.9,11.5,7.5,995,6.3,11,0,290,0,16
07-Jul-21,19.1,11.8,1,1006.3,7.7,14,0,300,0,20
08-Jul-21,16.7,12.1,1,1014.9,3.6,7,0,270,0,13
09-Jul-21,17.9,12.6,0.6,1013.6,4.1,7,0,110,0,13
10-Jul-21,21.2,14,1.9,1009,4,8,0,160,0,14
11-Jul-21,21.2,13.5,5.7,1005.1,4.5,9,0,330,0,15
12-Jul-21,22.5,13.1,0.5,1009.8,5.1,12,0,310,0,17
13-Jul-21,19.9,11.6,0.1,1014.6,3.7,9,0,220,0,15
14-Jul-21,17.6,12.1,0.1,1018.3,5.8,10,0,240,0,16
15-Jul-21,21.7,14,0,1022.2,4.1,8,0,270,0,15
16-Jul-21,25.4,13.4,0.1,1024.9,3.2,7,0,220,0,10
17-Jul-21,29.5,12.2,0,1024.4,3.1,8,0,320,0,13
18-Jul-21,28.9,13.4,0,1020.5,4.7,10,0,330,0,15
19-Jul-21,28.6,12.5,0,1016.2,3,5,0,330,0,12
20-Jul-21,28.6,15.4,0, , ,8,1, ,0,13
21-Jul-21,29.2,14.2,0,1017.1,3.2,6,0,80,0,11
22-Jul-21,29.4,17,0,1015.6,5.3,10,0,100,0,15
23-Jul-21,28.6,16,1.8,1011,5.6,13,0,190,0,27
24-Jul-21,26,14.6,0,1006.5,4.5,9,0,90,0,16
25-Jul-21,26.3,11.2,0,1006.8,4.5,9,0,220,0,16
26-Jul-21,18.9,13.8,7.8,1006.5,3.1,8,0,290,0,12
27-Jul-21,20.2,12.1,5,1004.1,6.1,12,0,310,0,17
28-Jul-21,19.2,11.7,4,1001.7,8.3,19,0,290,0,27
29-Jul-21,17.8,11,0,1003.3,4.9,9,0,250,0,16
30-Jul-21,19.3,12.4,0.2,1003.6,8.3,14,0,300,0,20
31-Jul-21,19.8,12.9,0,1006.6,5.5,10,0,320,0,16
01-Aug-21,18.5,7.7,0.1,1010.5,6.2,12,0,340,0,18
02-Aug-21,17.5,7.4,6.3,1011,3,8,0,190,0,12
03-Aug-21,20.8,9.1,0,1007.7,3.1,7,0,270,0,11
04-Aug-21,19.8,13.3,4.5,1002.3,4.2,9,0,200,0,14
05-Aug-21,19.6,13.7,15.4,991.4,6.7,12,0,110,0,20
06-Aug-21,16.2,13.7,8,987.6,8.5,14,0,250,0,25
07-Aug-21,16.4,13.5,3.4,991.8,9.8,16,0,270,0,25
08-Aug-21,17.7,12,0.2,998.5,8,13,0,220,0,21
09-Aug-21,20.3,12.1,6.1,1004.7,6.8,12,0,300,0,18
10-Aug-21,18.5,11,0,1008.3,3.7,8,0,200,0,12
11-Aug-21,18.4,10.7,2.1,1006.2,6.8,13,0,190,0,20
12-Aug-21,17.5,10.6,5.1,1005,10.9,18,0,220,0,30
13-Aug-21,17.2,12.3,3.7,1010.3,9.8,15,0,230,0,29
14-Aug-21,15.3,12.7,7.4,1009.9,5.4,12,0,70,0,16
15-Aug-21,18.4,13.3,0,1009.9,7.7,15,0,330,0,24
16-Aug-21,18,12.8,0,1017.3,7.1,13,0,290,0,20
17-Aug-21,18,12.2,0,1018.9,5.9,10,0,300,0,15
18-Aug-21,16.8,11.4,2,1013.6,4.3,10,0,240,0,15
19-Aug-21,19.7,11.9,3.6,1007.2,4.1,9,0,240,0,14
20-Aug-21,20.1,11.5,16.2,1004.1,5.2,11,0,150,0,18
21-Aug-21,18.5,11.8,0.3,1008,5.5,11,0,220,0,19
22-Aug-21,20.1,12.8,0.3,1017.1,2.9,6,0,230,0,9
23-Aug-21,23.4,14.5,0,1024.2,2.6,6,0,100,0,9
24-Aug-21,24.1,11.8,0,1025.5,5.3,9,0,70,0,15
25-Aug-21,24,10.9,0,1023,4.6,9,0,80,0,16
26-Aug-21,26.3,11.6,0,1019.4,2.8,5,0,330,0,9
27-Aug-21,23.5,12.9,0,1020.2,4.2,8,0,70,0,11
28-Aug-21,21.4,10.1,0,1022.9,4.1,7,0,60,0,11
29-Aug-21,17.6,12.3,0.1,1023.6,4.2,7,0,70,0,11
30-Aug-21,17.2,12.3,0,1025.1,5.4,11,0,60,0,16
31-Aug-21,17.8,12.3,0,1028.4,6,11,0,80,0,17
01-Sep-21,17.6,11.4,0.1,1028.7,4.5,9,0,80,0,14
02-Sep-21,16.2,10.9,0,1025.4,4.5,11,0,80,0,16
03-Sep-21,18.4,12.5,0,1018.6,3.6,6,0,70,0,10
04-Sep-21,19.2,12.1,0,1012.6,5,8,0,120,0,13
05-Sep-21,19.2,14.2,0,1013.1,4.5,9,0,150,0,14
06-Sep-21,22.5,14.5,0,1016.6,3.6,8,0,190,0,11
07-Sep-21,26.9,12.8,0.1,1012.9,4,8,0,100,0,13
08-Sep-21,22,16.1,8.1,1005.3,4.7,9,0,80,0,14
09-Sep-21,22.8,16.6,1.9,1000,3,6,0,320,0,11
10-Sep-21,17.4,13.8,2.9,1005.3,4.6,8,0,310,0,12
11-Sep-21,17,11.1,2.9,1005.3,4.6,6,0,330,0,8
12-Sep-21,17.5,9.8,0,1014.6,4,8,0,70,0,14
13-Sep-21,16.5,11.7,4.5,1009.8,5,9,0,100,0,14
14-Sep-21,19.1,13.9,5.9,1007.7,4.3,8,0,170,0,12
15-Sep-21,17.9,12,0,1010.8,3.2,8,0,240,0,13
16-Sep-21,19.1,11.2,2.2,1007.1,7.4,15,0,150,0,21
17-Sep-21,18.3,7,3.8,1005,4.8,10,0,150,0,16
18-Sep-21,16.5,6.4,6,1007,3.6,8,0,190,0,13
19-Sep-21,17.7,6.2,2.1,1011,4.4,11,0,250,0,18
20-Sep-21,18.7,12.4,0.1,1021,3.8,9,0,270,0,15
21-Sep-21,17,14,1.2,1024.7,6.2,10,0,230,0,18
22-Sep-21,18.3,14.1,3.5,1019.9,10.1,16,0,220,0,27
23-Sep-21,17.4,11.5,0.2,1014.7,6.7,12,0,220,0,19
24-Sep-21,16.8,15.6,2,1010.7,8,12,0,220,0,21
25-Sep-21,18.3,14.3,0.9,1004.7,5.3,9,0,180,0,14
26-Sep-21,17.8,10.2,5.6,997.7,6.1,13,0,180,0,22
27-Sep-21,14.3,8.3,7.8,1000.1,6.8,16,0,230,0,27
28-Sep-21,13.5,5.4,11.5,1006.3,5.7,13,0,280,0,23
29-Sep-21,14.4,3.1,10,1013.6,5.8,12,0,180,0,22
30-Sep-21,15.2,12,7.7,1002.5,11.1,17,0,210,0,27
01-Oct-21,13.4,7.7,11,999.2,8.8,17,0,270,0,29
02-Oct-21,13.8,7.6,4.2,988.4,6.4,12,0,250,0,19
03-Oct-21,14.6,8.2,9.1,987.5,7.4,14,0,260,0,27
04-Oct-21,12.9,6.2,15.8,995,4.6,10,0,180,0,15
05-Oct-21,15.5,5.2,0.1,1004.5,7,17,0,300,0,23
06-Oct-21,16.4,6.7,4,1011.1,5.9,12,0,200,0,18
07-Oct-21,18.5,15.7,9.6,1011.9,8.5,13,0,190,0,22
08-Oct-21,17.4,14.8,10.6,1016.5,7.4,12,0,140,0,19
09-Oct-21,18.1,5.9,3.8,1022.3,5.1,12,0,200,0,22
10-Oct-21,16.3,4.1,0,1028.9,2.6,8,0,260,0,12
11-Oct-21,14.6,3.4,0.2,1028.2,2.5,6,0,200,0,10
12-Oct-21,14.4,10.8,0,1025.1,1.7,5,0,300,0,7
13-Oct-21,14.3,10.1,0,1022.3,2.6,6,0,200,0,9
14-Oct-21,15.1,10.2,0.5,1017.4,4.9,9,0,250,0,15
15-Oct-21,13.2,9.4,0.3,1016,4.7,9,0,70,0,15
16-Oct-21,14.7,8.6,7.7,1009,6.5,12,0,180,0,22
17-Oct-21,15.2,11.5,1.5,1004.7,6.3,11,0,210,0,18
18-Oct-21,17.5,13.8,6.2,1000.5,8,14,0,210,0,28
19-Oct-21,18.4,10.4,3.8,997.1,10,22,0,210,0,32
20-Oct-21,14.1,7.3,0.7,994.9,4.8,14,0,320,0,27
21-Oct-21,13.5,3.2,0,1007.2,6.6,11,0,290,0,16
22-Oct-21,13.5,8.3,0,1016,6.2,10,0,260,0,18
23-Oct-21,13.7,7.9,8.9,1007.9,9.2,14,0,170,0,25
24-Oct-21,14.8,8.1,6.7,1001.6,8.4,15,0,190,0,25
25-Oct-21,13.5,6.6,2.4,1004.7,5.9,11,0,190,0,19
26-Oct-21,16.9,9.5,23.8,1002.4,14.4,20,0,210,0,34
27-Oct-21,15.3,11.7,16.6,997.6,7.4,14,0,210,0,22
28-Oct-21,14.4,8.2,0.1,991.8,3.2,10,0,260,0,17
29-Oct-21,12.8,5.2,4.6,985.5,4,11,0,190,0,17
30-Oct-21,12.2,4.7,4.8,982.1,6.3,15,0,110,0,22
31-Oct-21,10.1,4.5,7,977.5,7.7,20,0,270,0,33
01-Nov-21,12,3,0,987.7,5.5,10,0,250,0,18
02-Nov-21,11.7,-0.2,1.3,996.6,4.8,13,0,300,0,20
03-Nov-21,11.1,2.9,0.2,1008.7,7,14,0,340,0,22
04-Nov-21,11.1,2.1,0.1,1018.8,5.7,10,0,310,0,15
05-Nov-21,11.4,7.5,0.3,1022,4,11,0,210,0,20
06-Nov-21,13.5,6.9,6,1016.7,10.6,20,0,220,0,32
07-Nov-21,13.4,5.3,0,1018.2,4.3,8,0,260,0,12
08-Nov-21,16.1,10.3,17.2,1013.2,10.1,15,0,210,0,24
09-Nov-21,13.7,9.1,7.2,1012.8,5.3,10,0,190,0,15
10-Nov-21,11.3,3.6,0.6,1017,2.4,7,0,180,0,12
11-Nov-21,15.4,4,5.3,1007.1,9.2,17,0,190,0,30
12-Nov-21,13.8,10,6.3,1002.3,11.5,20,0,220,0,35
13-Nov-21,13.4,10.2,1.2,1013,4,8,0,220,0,13
14-Nov-21,16.2,10.7,2.4,1018.3,5.6,11,0,320,0,17
15-Nov-21,12.4,7,0.8,1021.7,3,7,0,180,0,10
16-Nov-21,12.3,8.4,0.6,1015.7,8.9,16,0,220,0,25
17-Nov-21,12,8.9,1.6,1018.6,8.3,14,0,230,0,22
18-Nov-21,13.8,11.9,2.1,1021.6,9.8,14,0,230,0,23
19-Nov-21,12.1,9.4,0.8,1022.9,5.8,9,0,200,0,16
20-Nov-21,11.6,3.2,1.6,1020.1,6.1,17,0,250,0,33
21-Nov-21,9.2,-0.6,0.2,1025.2,5.4,11,0,10,0,20
22-Nov-21,9.3,-2.6,0,1030.4,2,6,0,350,0,9
23-Nov-21,7.8,-1.9,0,1028.7,2.7,7,0,180,0,11
24-Nov-21,7.8,1.3,1.9,1020.7,6.2,14,0,290,0,20
25-Nov-21,7.7,1.1,0.3,1015.8,7.3,13,0,270,0,22
26-Nov-21,9.1,2.5,4.5,1004,13.8,23,0,320,0,36
27-Nov-21,5.8,0.5,1.2,1009.5,8.2,18,0,320,0,30
28-Nov-21,9.8,3.2,2.1,1008.2,4.4,11,0,290,0,15
29-Nov-21,11.1,5,0.5,1010.8,4.6,9,0,260,0,17
30-Nov-21,11.2,7.6,12.6,1004.5,10.1,19,0,300,0,30
01-Dec-21,8.1,1.3,0.7,1006.2,11.3,20,0,300,0,30
02-Dec-21,11.2,3.6,7,1007.8,5.8,14,0,230,0,23
03-Dec-21,9.7,5.2,3.1,998.1,4.7,14,0,260,0,21
04-Dec-21,6.8,1.6,2.3,1001.8,8.7,18,0,270,0,30
05-Dec-21,8.7,1,3.2,1009.8,4.3,11,0,300,0,18
06-Dec-21,8.4,1.4,4.6,1001.8,6.5,16,0,260,0,30
07-Dec-21,9,2.4,13.2,976,16.1,33,0,290,0,49
08-Dec-21,7.6,3.2,1.1,986.4,14.2,29,0,290,0,45
09-Dec-21,10,1.6,2.2,993.1,7.5,21,0,270,0,30
10-Dec-21,7,1.4,3.9,999.7,4.8,13,0,290,0,20
11-Dec-21,12.9,5.7,7.9,1004,9,17,0,210,0,27
12-Dec-21,13.5,7.1,3.7,1002.4,9.1,26,0,210,0,39
13-Dec-21,8,1.3,0,1013.2,2.8,6,0,230,0,10
14-Dec-21,9.9,1.5,0,1016.5,7.9,12,0,200,0,18
15-Dec-21,11.3,6.5,0.9,1021.3,6,10,0,190,0,15
16-Dec-21,10.3,5,0,1029.7,3.6,7,0,200,0,12
17-Dec-21,9.1,1.7,0,1033.7,5.6,10,0,100,0,16
18-Dec-21,6.5,5.3,0,1032.4,6,10,0,110,0,16
19-Dec-21,6.5,4.1,0,1028.6,5.8,9,0,70,0,14
20-Dec-21,5.6,4.2,0.1,1022.4,7.4,12,0,70,0,16
21-Dec-21,7.4,5.1,0,1014.8,7.5,11,0,90,0,19
22-Dec-21,12.5,6.4,5.9,1002.6,8.4,13,0,140,0,20
23-Dec-21,12.6,6.3,0.6,993.3,6.4,16,0,200,0,29
24-Dec-21,10.9,6,8.4,992.3,8,14,0,90,0,21
25-Dec-21,9.8,6.6,10.4,988.5,8.4,16,0,80,0,24
26-Dec-21,10.9,2.8,5.9,989.1,5.3,10,0,220,0,16
27-Dec-21,8.1,2.6,0.2,983.8,5.8,10,0,60,0,15
28-Dec-21,8.9,4.6,7.3,987.5,4,7,0,150,0,15
29-Dec-21,13.1,7.5,8.4,987,11,25,0,220,0,40
30-Dec-21,12.9,11.3,11.7,995.9,6.5,15,0,220,0,25
31-Dec-21,13.9,12.3,2,999,11.6,20,0,210,0,31
01-Jan-22,14.6,7.9,3.4,994.8,12.5,22,0,210,0,42
02-Jan-22,10.6,7.8,6,996.1,12.9,20,0,210,0,33
03-Jan-22,10,1.2,10,996.3,12.9,22,0,0,0,36
04-Jan-22,5,-0.4,0.3,1005.4,5.8,11,0,300,0,19
05-Jan-22,7.2,-1.6,0,1012.2,2.3,9,0,150,0,14
06-Jan-22,9.1,1.4,6.1,1002.8,12,21,0,200,0,37
07-Jan-22,9.1,1.5,5.7,1002.8,6.7,15,0,210,0,24
08-Jan-22,10.5,3,7.6,995.1,10.2,18,0,210,0,31
09-Jan-22,9,1.3,2.1,997.1,6.3,13,0,280,0,24
10-Jan-22,12.1,4.4,0.5,1009.3,8.6,15,0,240,0,23
11-Jan-22,9.8,1.3,0,1025,3.6,9,0,220,0,14
12-Jan-22,9.2,1.4,0.2,1034.1,4,7,0,190,0,10
13-Jan-22,7.6,4.1,0,1034.4,3.8,6,0,190,0,10
14-Jan-22,7.1,5.2,0,1027.6,3.5,7,0,100,0,11
15-Jan-22,7.8,3.1,0.1,1018.1,2.9,8,0,130,0,10
16-Jan-22,9.1,-2,0,1024.5,3.5,11,0,310,0,15
17-Jan-22,7.9,-3,0,1031,4.6,10,0,150,0,14
18-Jan-22,9.8,7.3,3.3,1025.7,7.2,11,0,150,0,19
19-Jan-22,9.8,3.8,0.4,1027.6,7.1,14,0,310,0,22
20-Jan-22,8.8,1.5,0,1035.6,3.6,7,0,320,0,9
21-Jan-22,7.3,3.3,0,1035.8,3.4,8,0,190,0,12
22-Jan-22,8.9,4.9,3,1032.1,4.9,9,0,220,0,15
23-Jan-22,8.1,6,0,1026.1,6.2,9,0,180,0,16
24-Jan-22,9.9,1.9,0,1025,4.4,9,0,180,0,15
25-Jan-22,8.6,4.6,0,1027.6,2.7,5,0,190,0,7
26-Jan-22,10.8,5,2.9,1024.3,8.5,16,0,210,0,27
27-Jan-22,12.1,3.1,0.3,1024.8,3.3,10,0,240,0,20
28-Jan-22,11.7,2.7,0.8,1026.3,9.8,17,0,230,0,32
29-Jan-22,11.1,0.3,1,1025.9,9.4,18,0,240,0,32
30-Jan-22,10.1,-0.3,3.2,1024.4,8,19,0,230,0,31
31-Jan-22,9.8,5.6,0,1025.4,9.4,17,0,290,0,28
01-Feb-22,11.9,8.8,0.5,1022,10,17,0,270,0,28
02-Feb-22,10.5,8.2,0.9,1015.5,7.4,12,0,240,0,21
03-Feb-22,11.6,4.2,6.6,1004.7,11,21,0,210,0,33
04-Feb-22,7.6,1.3,1.7,1009,6.6,15,0,300,0,25
05-Feb-22,9.4,4.3,19.8,1007,14.6,21,0,230,0,34
06-Feb-22,9.4,4.5,4.1,1007.6,10.8,22,0,260,0,32
07-Feb-22,11.8,4.2,2.2,1016.2,12.1,21,0,220,0,33
08-Feb-22,11.4,7.3,5.2,1015.9,7.7,17,0,230,0,28
09-Feb-22,7.8,2,1.4,1017,5.7,13,0,230,0,23
10-Feb-22,8.7,0.2,0.9,1020.9,6.5,15,0,300,0,26
11-Feb-22,8.4,-1.7,1,1016.4,8.5,17,0,180,0,28
12-Feb-22,11.1,7.3,5.5,1002,10.8,17,0,220,0,28
13-Feb-22,7.9,3.7,7,990.4,5.8,14,0,300,0,20
14-Feb-22,9.1,3.1,1.9,997,9,16,0,290,0,23
15-Feb-22,11.5,6.2,13.8,991,10.4,20,0,240,0,33
16-Feb-22,12.6,6.3,5.2,989.6,16.1,25,0,220,0,41
17-Feb-22,8.2,2.8,6.8,993.6,8,19,0,260,0,39
18-Feb-22,6.8,1,9.2,988.3,12.9,26,0,310,0,40
19-Feb-22,10.9,2.5,13.7,998.2,11,24,0,240,0,39
20-Feb-22,11.3,2.8,18,993.8,20,28,0,280,0,45
21-Feb-22,11.2,4.3,1.1,1007.1,13.7,28,0,280,0,46
22-Feb-22,11.6,6.4,3.6,1009.5,12.1,25,0,290,0,38
23-Feb-22,10.6,2.8,4.6,1007.2,14.1,23,0,210,0,38
24-Feb-22,7.2,0.4,5.3,1006.9,10.2,19,0,250,0,34
25-Feb-22,10.7,1.1,0.1,1017.8,8,16,0,220,0,26
26-Feb-22,10.6,7.7,0.2,1010.5,12.1,19,0,180,0,33
27-Feb-22,11.7,7.5,2.8,1004.8,11.7,19,0,180,0,28
28-Feb-22,10.6,-1.8,0,1013.7,5.2,12,0,280,0,18
01-Mar-22,9.3,-3.7,0,1020.9,5.3,14,0,70,0,19
02-Mar-22,11.2,1.2,0.5,1007.9,6.9,12,0,200,0,22
03-Mar-22,10.1,-0.6,1.7,1010.6,4.7,12,0,210,0,20
04-Mar-22,9.7,-3.4,0,1020.5,2.9,7,0,300,0,11
05-Mar-22,9.4,-5.5,0,1026.2,2.9,9,0,40,0,13
06-Mar-22,9.8,-4.6,0,1025.7,4.6,9,0,120,0,15
07-Mar-22,8.8,1.3,0,1012.3,9.5,17,0,130,0,23
08-Mar-22,11.6,2.4,3.3,995.3,13.6,21,0,210,0,39
09-Mar-22,9.8,-1.2,10.2,997.5,6.6,22,0,150,0,39
10-Mar-22,9.6,-2.6,0,998.6,8.9,19,0,140,0,35
11-Mar-22,11.1,4.7,2.5,987.7,8.4,16,0,130,0,27
12-Mar-22,8.2,1.7,6.3,987.2,8.5,19,0,70,0,31
13-Mar-22,9.6,5.7,6.6,991.1,11.1,17,0,230,0,29
14-Mar-22,10.9,1.9,0.9,1012.3,7.3,13,0,240,0,21
15-Mar-22,9.1,2.1,4.7,1011.5,6.2,12,0,180,0,19
16-Mar-22,10.5,-2.8,0,1015.6,3.9,10,0,260,0,17
17-Mar-22,13,0.9,2.2,1023.6,8.2,18,0,220,0,28
18-Mar-22,15.6,-0.8,0,1031.7,6.6,14,0,140,0,23
19-Mar-22,14.7,5.6,0,1025.4,10,20,0,140,0,30
20-Mar-22,10.9,6.3,0,1018.5,7.4,11,0,120,0,18
21-Mar-22,16.3,4.4,0,1016,8.2,12,0,100,0,19
22-Mar-22,16.7,7,0,1017.5,9.1,14,0,120,0,25
23-Mar-22,18.1,4.6,0,1021.8,5.9,11,0,140,0,16
24-Mar-22,11.4,5.1,0.1,1025,2.8,7,0,200,0,10
25-Mar-22,18,4.4,0,1026.7,2.6,6,0,100,0,8
26-Mar-22,17.5,3.9,0,1027.9,5.6,11,0,130,0,17
27-Mar-22,17.3,3.6,0,1025.2,5.3,10,0,80,0,16
28-Mar-22,17.2,2.3,0,1017,3.7,7,0,90,0,10
29-Mar-22,17,0.3,0,1009.1,3.1,7,0,230,0,12
30-Mar-22,11,-0.4,0,1007.4,5.7,16,0,50,0,23
31-Mar-22,9.7,-1.2,0,1015.4,7.7,15,0,330,0,27
01-Apr-22,10.2,-2.3,0,1021,6.2,13,0,310,0,18
02-Apr-22,12,0.2,0,1022.1,6.1,13,0,330,0,21
03-Apr-22,11.2,-3.1,1.2,1019.8,5.3,13,0,240,0,20
04-Apr-22,12.2,9.7,1.6,1012.7,9.2,17,0,280,0,25
05-Apr-22,11.6,8.2,2.9,1002,12,19,0,220,0,33
06-Apr-22,10.7,6.3,5,986.1,14.1,23,0,240,0,41
07-Apr-22,10.3,0.6,3.4,988.6,9.8,21,0,280,0,35
08-Apr-22,9.1,-1.6,0.3,1004.1,7.4,17,0,340,0,26
09-Apr-22,11.8,-3.9,0,1012.5,3.2,8,0,110,0,13
10-Apr-22,12,4.1,0.2,1005.8,9.8,16,0,130,0,26
11-Apr-22,12.2,7.6,0.5,996.4,10.9,22,0,110,0,32
12-Apr-22,12.3,6.9,4.2,999.1,3.5,8,0,90,0,12
13-Apr-22,15.2,8.1,0.1,1007.8,4.6,11,0,240,0,18
14-Apr-22,13.4,8.1,3.2,1012.2,6.4,12,0,140,0,21
15-Apr-22,14,4.9,0.6,1016.2,5.7,15,0,230,0,22
16-Apr-22,14.7,3.5,2.6,1018.2,6.7,15,0,180,0,24
17-Apr-22,13,5.3,11.2,1011.6,6.3,15,0,180,0,26
18-Apr-22,11.3,2.5,0.5,1011.2,6.5,15,0,220,0,24
19-Apr-22,12.2,-0.4,4.4,1014.8,3.8,15,0,330,0,23
20-Apr-22,14.5,0.3,0,1011.6,4.9,10,0,140,0,16
21-Apr-22,17.1,6.9,0,1006.3,9.1,16,0,70,0,23
22-Apr-22,15.3,6.3,0,1007.4,10.3,16,0,60,0,25
23-Apr-22,17.2,3.8,0.1,1006,9.3,19,0,50,0,27
24-Apr-22,15.9,5.2,0,1009.5,9,15,0,60,0,24
25-Apr-22,15.1,3.5,0,1013.3,7.3,13,0,70,0,18
26-Apr-22,15.2,4.4,0,1017.5,5.5,10,0,70,0,14
27-Apr-22,16.9,4.7,0,1023.1,6.2,11,0,80,0,15
28-Apr-22,16,5.2,0,1027,4.5,7,0,310,0,13
29-Apr-22,17.2,2.4,0,1027,3.7,7,0,70,0,10
30-Apr-22,13.3,9.3,9.6,1022.2,6.2,11,0,220,0,20
01-May-22,14.1,10.1,0.7,1016.2,6.2,13,0,230,0,19
02-May-22,15.9,9,0.4,1016.6,3.6,7,0,300,0,10
03-May-22,15.5,7.2,0.1,1015.5,5.8,11,0,270,0,18
04-May-22,15.4,8.8,0,1015.9,6.2,13,0,250,0,20
05-May-22,17.4,9.2,0.1,1018.6,7.3,12,0,210,0,20
06-May-22,17.3,5.9,12.7,1019.7,7,13,0,230,0,22
07-May-22,19,5,0.2,1022.5,2.5,6,0,110,0,9
08-May-22,16.1,9.2,0,1018.1,6.3,11,0,200,0,17
09-May-22,15.4,11.2,4.9,1009.2,11.4,17,0,190,0,28
10-May-22,14.8,9.3,4.2,1002.5,13.4,20,0,210,0,31
11-May-22,14.3,7.5,3.9,1004.5,7.7,14,0,240,0,25
12-May-22,13.4,6,1.3,1009.9,9.3,16,0,240,0,29
13-May-22,15.1,10.9,0,1011.5,11.7,18,0,230,0,28
14-May-22,17.9,8,0,1013.6,5.1,8,0,240,0,13
15-May-22,19.8,6.8,0,1006.4,7.1,13,0,100,0,20
16-May-22,19.9,12.9,11.4,1001.1,6.4,12,0,130,0,20
17-May-22,15.2,9.4,3,1001.8,9.1,13,0,190,0,23
18-May-22,16.2,8.1,8,1003.1,10.1,19,0,140,0,32
19-May-22,17.5,7.3,0.4,1007.4,8.6,15,0,200,0,25
20-May-22,14.9,10.4,3.8,1008.7,9.5,17,0,250,0,30
21-May-22,17.5,10.3,1,1009.8,7.6,14,0,230,0,20
22-May-22,16,10.5,3.5,1003.7,8.9,17,0,210,0,24
23-May-22,15.3,9.1,0.9,999.3,6.6,15,0,310,0,22
24-May-22,15.2,7.7,4.8,1001.9,7.1,12,0,230,0,21
25-May-22,15.2,10.4,4.6,1005.5,10.1,15,0,260,0,25
26-May-22,16.1,9.5,8.6,1015,9.9,17,0,220,0,28
27-May-22,15.7,7.7,0,1022.8,5.8,11,0,230,0,16
28-May-22,19.3,4.7,0,1022.9,4.3,8,0,10,0,14
29-May-22,16.7,5.1,0,1017.8,6.4,12,0,340,0,21
30-May-22,14.2,5.1,0.3,1010.9,8.3,15,0,310,0,21
31-May-22,15,3.8,0.1,1010.6,6.6,14,0,320,0,19
01-Jun-22,19.3,6.5,0.2,1013.6,3.4,7,0,300,0,11
02-Jun-22,15.5,7.5,3.6,1013.3,4.4,10,0,300,0,16
03-Jun-22,17.6,5.9,0.1,1016,5.1,13,0,50,0,21
04-Jun-22,18.2,9.6,0,1016.3,10.2,16,0,70,0,24
05-Jun-22,15.6,10.2,0.3,1012.7,7.1,11,0,70,0,17
06-Jun-22,16,9.7,1,1009.8,5.9,9,0,150,0,14
07-Jun-22,18.5,12.1,2,1000.9,6.2,11,0,110,0,17
08-Jun-22,15.8,12,1.6,999,11.4,19,0,250,0,35
09-Jun-22,18.3,11,3.6,1002.7,10.9,18,0,220,0,29
10-Jun-22,18,12,0.5,1005.3,15.9,23,0,220,0,38
11-Jun-22,15.9,11.6,1.6,1011.9,12.5,19,0,230,0,31
12-Jun-22,15.2,11,0.4,1019.2,8.7,16,0,270,0,25
13-Jun-22,15.8,10.7,0,1019.7,5.8,12,0,220,0,19
14-Jun-22,17.4,10,0,1016,5.9,11,0,230,0,17
15-Jun-22,18.2,8,0,1014.6,5.1,10,0,260,0,18
16-Jun-22,22.5,13.2,0,1012.4,6,11,0,150,0,21
17-Jun-22,18.8,10.2,8.6,1013.1,7.3,11,0,310,0,19
18-Jun-22,17.8,9.3,0.1,1018.1,6.8,14,0,290,0,20
19-Jun-22,15.6,7.8,0,1016.7,9,14,0,340,0,24
20-Jun-22,19.7,5.1,0,1016,5.3,11,0,220,0,19
21-Jun-22,20.6,12.2,0.2,1011.6,3.7,7,0,260,0,12
22-Jun-22,20.2,12.4,0,1010.4,4.8,8,0,260,0,14
23-Jun-22,17.1,11.8,0,1003.2,4.9,9,0,250,0,17
24-Jun-22,15.9,10.3,13.8,992.6,5.8,12,0,270,0,17
25-Jun-22,13.7,9.9,8.6,987.5,11.6,19,0,180,0,29
26-Jun-22,16.5,10,8,995.1,8.3,14,0,270,0,23
27-Jun-22,14.9,8.6,9.4,1003.9,7.8,14,0,220,0,24
28-Jun-22,17.2,11.9,9.8,997.9,10,20,0,190,0,31
29-Jun-22,16.7,7.1,6,1002.6,4.8,12,0,260,0,19
30-Jun-22,16.7,7.9,0,1007.1,4.9,11,0,250,0,18
01-Jul-22,16,10.1,10.2,1006.8,6,11,0,190,0,19
02-Jul-22,18.5,10.4,1.9,1010.6,7,13,0,290,0,19
03-Jul-22,16.1,10.5,0.1,1016,7,12,0,280,0,21
04-Jul-22,16.1,10.9,0.2,1018.2,7.2,12,0,280,0,18
05-Jul-22,19.3,13.7,0,1023.3,6,10,0,230,0,15
06-Jul-22,17.6,13.8,0,1025.8,6.9,13,0,260,0,19
07-Jul-22,21.3,12.9,0,1028.9,5.7,10,0,240,0,17
08-Jul-22,18.9,12.2,0.1,1030.6,5.6,10,0,220,0,16
09-Jul-22,24,12.3,0.1,1028.7,4.1,7,0,340,0,11
10-Jul-22,25.8,13.2,0,1022.4,3.3,6,0,70,0,10
11-Jul-22,24.2,13.9,0.3,1015.7,5.8,14,0,190,0,22
12-Jul-22,20.5,9.2,0.4,1016.8,5.2,12,0,330,0,16
13-Jul-22,19,9.3,0.1,1021,5.7,11,0,240,0,21
14-Jul-22,18.6,9.9,0,1022.1,6.1,11,0,260,0,19
15-Jul-22,20.5,10.8,0.9,1020.3,5.5,9,0,230,0,17
16-Jul-22,25,9.1,0.2,1018.6,3.3,8,0,190,0,13
17-Jul-22,27,14,0,1015,5.2,12,0,190,0,18
18-Jul-22,30.5,14.9,0,1009.5,3.4,11,0,200,0,17
19-Jul-22,19.4,13.6,0,1008.5,6.5,12,0,320,0,18
20-Jul-22,18.4,11.9,0,1016.2,7,12,0,280,0,18
21-Jul-22,18.8,12.1,0.1,1019.8,3.6,6,0,40,0,10
22-Jul-22,22.2,12.1,2.3,1014.1,3.5,7,0,140,0,12
23-Jul-22,20.9,15.5,12.6,1005,8.1,15,0,220,0,23
24-Jul-22,19.6,13.9,13.2,999.1,8.6,16,0,210,0,27
25-Jul-22,18.6,12.1,0.4,1009.2,9.6,16,0,310,0,25
26-Jul-22,18.1,10.8,0,1018.4,3.8,8,0,290,0,12
27-Jul-22,17.6,10.6,1.8,1015.1,3.2,9,0,190,0,15
28-Jul-22,20.9,11.6,0,1011.4,4.5,8,0,80,0,13
29-Jul-22,20,12.1,2.5,1011.2,5.9,11,0,190,0,19
30-Jul-22,17.6,15.5,18.6,1009.8,6.5,11,0,220,0,18
31-Jul-22,21,10.7,0,1012.6,6,11,0,330,0,15
01-Aug-22,19.3,8.2,22.6,1009.1,7.5,17,0,220,0,30
02-Aug-22,18.2,15.2,5.6,1002.9,12,17,0,210,0,26
03-Aug-22,19.1,10.2,1.6,1006.6,8.1,14,0,220,0,22
04-Aug-22,19.8,6.9,0,1015.2,7.7,15,0,330,0,23
05-Aug-22,19.9,7.9,0,1022.1,5.8,11,0,300,0,17
06-Aug-22,18.9,7.5,0,1025.3,5.3,12,0,250,0,19
07-Aug-22,19.8,8.3,0,1023.4,4.9,11,0,230,0,18
08-Aug-22,21.2,6.9,0,1024.3,3.4,8,0,250,0,12
09-Aug-22,22.4,9.1,0.1,1024.7,2.9,7,0,250,0,12
10-Aug-22,25,7.3,0,1021.3,2.6,7,0,240,0,11
11-Aug-22,28,8.7,0.1,1017.9,3,7,0,0,0,9
12-Aug-22,28.5,10.4,0,1014.9,3.7,6,0,30,0,10
13-Aug-22,28.1,12.2,0,1010,4.3,7,0,80,0,12
14-Aug-22,25.8,13,20.7,1003.3,3.2,10,0,90,0,15
15-Aug-22,20,14.1,9.5,1001.8,7.3,13,0,350,0,19
16-Aug-22,18.3,7.8,0,1009.8,9.8,16,0,330,0,26
17-Aug-22,18.1,5.4,0.3,1011.5,4.7,8,0,200,0,13
18-Aug-22,19.4,12.4,2.5,1005.9,7.9,14,0,260,0,25
19-Aug-22,18,12.2,4.5,1007.3,8.4,15,0,240,0,26
20-Aug-22,18.4,7.3,5.8,1007.3,10.2,20,0,230,0,31
21-Aug-22,20.4,7.3,0,1008,2.3,5,0,340,0,9
22-Aug-22,19,12.3,1.7,1004.3,6,11,0,220,0,18
23-Aug-22,19.4,14.3,1.7,1004.9,5,10,0,240,0,15
24-Aug-22,18.5,10.5,0.4,1009.9,6.6,15,0,220,0,24
25-Aug-22,16.7,10.3,2.3,1013.4,5.1,10,0,210,0,16
26-Aug-22,18.9,9.5,0,1015.1,5.3,13,0,310,0,19
27-Aug-22,22,11.2,0.1,1016,2.5,5,0,350,0,8
28-Aug-22,20.4,12.9,0.1,1017.1,5.3,9,0,90,0,14
29-Aug-22,24.1,11.7,0,1018.5,5.1,10,0,100,0,18
30-Aug-22,22.7,12.6,0,1021.6,6.2,11,0,110,0,16
31-Aug-22,20.5,9.6,0,1022.3,5.2,10,0,80,0,15
01-Sep-22,21.3,6.4,0,1017.3,3.3,7,0,90,0,11
02-Sep-22,18.3,8.1,7,1006.8,4.2,10,0,310,0,15
03-Sep-22,17.2,7.1,0.5,998.1,4.5,10,0,100,0,16
04-Sep-22,20.4,10.8,22.1,998.8,8.1,16,0,150,0,27
05-Sep-22,19.8,8.8,7.6,999,10.2,19,0,120,0,30
06-Sep-22,19.3,13.3,1.8,996.2,8.6,13,0,120,0,21
07-Sep-22,19.9,13.6,1.6,994,7.5,13,0,100,0,19
08-Sep-22,21.1,12.4,11.6,999.4,6.6,12,0,320,0,16
09-Sep-22,19.1,12.4,0,1007.8,6.9,12,0,300,0,18
10-Sep-22,19.8,8.6,0,1012.6,3.3,7,0,110,0,10
11-Sep-22,18.7,12,9.9,1007.3,5.5,10,0,90,0,15
12-Sep-22,17.8,9.4,1.7,1007.2,5.3,10,0,20,0,16
13-Sep-22,17.9,8.4,0,1009.2,5.6,8,0,80,0,14
14-Sep-22,18,7.4,0.2,1009.6,5.8,11,0,330,0,17
15-Sep-22,18,7,0.2,1014.7,5.5,11,0,320,0,16
16-Sep-22,17.9,5.9,0,1019.9,4.7,9,0,350,0,14
17-Sep-22,17,2.2,0,1021.3,1.9,5,0,230,0,10
18-Sep-22,14.9,9,0,1020,2,6,0,200,0,8
19-Sep-22,17.9,6.5,0,1020.4,3.1,8,0,200,0,13
20-Sep-22,17.8,10.1,0,1019.6,3.1,7,0,210,0,13
21-Sep-22,17.8,11.5,3.3,1014.6,6.2,11,0,210,0,17
22-Sep-22,19.3,6.3,16.2,1011.2,4.9,10,0,340,0,15
23-Sep-22,17.1,5.5,0.2,1015.4,4.3,13,0,320,0,20
24-Sep-22,16.1,4.8,0,1019.5,5.8,12,0,40,0,18
25-Sep-22,15.4,3.6,0.2,1013.7,5.9,14,0,280,0,23
26-Sep-22,15.2,8.7,0,1006.1,11.6,19,0,310,0,30
27-Sep-22,12.9,8.5,4.6,1002.9,6.2,15,0,320,0,23
28-Sep-22,15.1,6.3,0.6,1002.5,7.9,14,0,320,0,21
29-Sep-22,17.3,5.3,0.2,1004.6,4.8,10,0,310,0,13
30-Sep-22,17.6,10.4,24.7,994.7,10.7,20,0,230,0,32
01-Oct-22,16.8,10.9,3.6,1001.8,7.7,14,0,270,0,26
02-Oct-22,16.3,7.4,0,1014.7,3.7,8,0,230,0,14
03-Oct-22,18,8.5,0.1,1010.8,8.9,15,0,190,0,26
04-Oct-22,16.9,12.5,21,999.7,7.4,16,0,200,0,26
05-Oct-22,13.6,9.9,9.7,1004.6,7.7,18,0,300,0,30
06-Oct-22,16.2,13.1,8.2,1012.2,13.3,19,0,230,0,32
07-Oct-22,14.9,6.9,11.4,1010.8,8.3,19,0,230,0,30
08-Oct-22,14.4,3.1,0.1,1013.6,4.5,10,0,220,0,16
09-Oct-22,14.6,5,10.5,1003.2,8.2,16,0,300,0,25
10-Oct-22,16,2.8,0,1015.4,4.3,11,0,290,0,17
11-Oct-22,13.1,8.7,0,1015.3,7.1,13,0,200,0,22
12-Oct-22,14.8,5.1,3.8,1010.6,4.1,15,0,200,0,23
13-Oct-22,14.5,3.8,0.2,1007.9,5.1,13,0,200,0,18
14-Oct-22,14.1,7.6,6.2,998.1,5.6,12,0,200,0,20
15-Oct-22,10.4,5.3,16.5,989.6,7.2,16,0,210,0,28
16-Oct-22,12,4.2,5,993.8,7.7,18,0,100,0,30
17-Oct-22,14.2,5.7,2.1,1002.2,11,21,0,210,0,37
18-Oct-22,16.3,6.4,0.5,1016.5,9.4,14,0,80,0,24
19-Oct-22,14.8,11.7,10.6,1006.3,13.6,19,0,80,0,29
20-Oct-22,17.5,11,0.2,994.5,7.8,13,0,100,0,19
21-Oct-22,15.9,11.3,5.4,984.9,10.8,21,0,80,0,29
22-Oct-22,14,7.1,12.1,992.9,7.7,14,0,200,0,23
23-Oct-22,17,8.6,11.8,992.2,3.9,8,0,130,0,14
24-Oct-22,14.9,10.2,7,993.7,5.8,13,0,240,0,19
25-Oct-22,15.8,9.3,6.9,991.9,7.8,13,0,150,0,19
26-Oct-22,14.9,10.4,3.7,991,10.4,18,0,190,0,30
27-Oct-22,17.8,11.7,5,996.3,8.8,17,0,150,0,25
28-Oct-22,16.4,9.8,9.2,998.1,6.8,18,0,200,0,26
29-Oct-22,17.2,11.1,14.2,997.4,9.8,19,0,90,0,29
30-Oct-22,14.4,10.6,0.9,995.8,8.5,17,0,210,0,25
31-Oct-22,14.1,6.6,13.4,994.6,5,15,0,160,0,26
01-Nov-22,10.4,6.5,5.5,995.7,6.9,14,0,210,0,25
02-Nov-22,12.8,6.3,25.3,992.3,12.4,28,0,220,0,46
03-Nov-22,12,4.2,3.9,996.5,5.4,11,0,200,0,19
04-Nov-22,12.8,0.9,1.7,1007.5,3.8,8,0,150,0,15
05-Nov-22,13.9,8.8,3.8,999.1,7.4,13,0,150,0,22
06-Nov-22,12.3,8.1,4.8,988.8,8.3,15,0,210,0,23
07-Nov-22,14.4,7.8,12.4,980,9.7,17,0,180,0,27
08-Nov-22,11.9,7,6.6,981.7,7.1,14,0,220,0,25
09-Nov-22,13.4,8,8,993.4,9,16,0,230,0,25
10-Nov-22,16.4,13.4,1,999.7,14.4,19,0,210,0,34
11-Nov-22,16.1,7.7,3.2,1006.8,11.2,22,0,210,0,35
12-Nov-22,14.6,11,4.9,1009.9,8.1,14,0,150,0,22
13-Nov-22,15.2,9.9,4.5,1003.5,7.8,19,0,150,0,31
14-Nov-22,12.1,5.7,3.7,990.9,7.9,18,0,140,0,29
15-Nov-22,10.8,3,0.2,982.1,4.7,11,0,250,0,21
16-Nov-22,11.4,0.2,0,980.5,2.8,6,0,70,0,9
17-Nov-22,10.3,-0.8,0.4,987.8,2.7,9,0,300,0,14
18-Nov-22,10.2,-0.9,0.6,1001.1,4.4,11,0,300,0,20
19-Nov-22,8.4,-1.8,7.1,1003.6,6.2,14,0,150,0,25
20-Nov-22,9.1,4.8,4.2,996.9,6.3,14,0,220,0,26
21-Nov-22,9.1,5.7,8.3,985.1,7.2,13,0,130,0,23
22-Nov-22,9.7,2,1,980.5,4.2,11,0,340,0,16
23-Nov-22,9.5,5.8,18.7,977.2,10.6,21,0,220,0,36
24-Nov-22,10.1,6.2,13,984.3,10.5,19,0,200,0,33
25-Nov-22,11.4,7.7,0.8,1000.6,9,14,0,240,0,32
26-Nov-22,14.2,10.3,1.4,1000.5,12.2,20,0,220,0,33
27-Nov-22,10.9,6.8,7.5,996.8,9.6,18,0,200,0,29
28-Nov-22,11.6,6.4,2.6,1002.4,5.4,11,0,310,0,17
29-Nov-22,8,1.4,0,1012.2,4.5,9,0,110,0,14
30-Nov-22,12.9,7.8,1.1,1015.2,6.2,11,0,210,0,18
01-Dec-22,11.1,6.5,0,1019.5,5.4,9,0,190,0,16
02-Dec-22,10.1,5.5,0,1020.4,4.4,8,0,160,0,11
03-Dec-22,7.7,3.3,0,1018.7,3.1,6,0,80,0,8
04-Dec-22,6.6,1.8,2.2,1015.6,7.8,14,0,60,0,21
05-Dec-22,7.2,3.7,0.1,1020.5,8.3,12,0,40,0,19
06-Dec-22,6.4,-1,0,1023.7,5.8,11,0,50,0,19
07-Dec-22,6,-1.1,0,1019.8,3.5,7,0,0,0,10
08-Dec-22,4.4,-3.5,0,1012.1,3.3,6,0,10,0,10
09-Dec-22,-1.3,-6.4,0,1007.3,1.8,6,0,350,0,8
10-Dec-22,3.7,-6.3,0,1005.2,1.2,3,0,0,0,4
11-Dec-22,1.6,-8.1,0,1005.6,1.2,4,0,190,0,6
12-Dec-22,-1.5,-7.2,0,1002.3,3.2,6,0,90,0,7
13-Dec-22,0,-3.9,0,1002.6,3.3,6,0,50,0,10
14-Dec-22,1.6,-5.6,0,1006.6,5.3,8,0,50,0,14
15-Dec-22,2.4,-8.1,0,1011.9,2.3,6,0,330,0,9
16-Dec-22,2.3,-7.1,6.9,1011.3,4.2,10,0,210,0,15
17-Dec-22,5.8,-0.7,1.8,1008.2,4.4,9,0,100,0,12
18-Dec-22,13.3,1.8,1.4,994.1,10.2,14,0,120,0,25
19-Dec-22,13.4,6.5,7.5,983.8,11.4,18,0,190,0,32
20-Dec-22,7.6,4,9,991.3,12.1,20,0,220,0,35
21-Dec-22,9.7,3.8,5.9,992.8,10.4,20,0,240,0,37
22-Dec-22,8,0.6,2.5,996.3,2.4,6,0,80,0,8
23-Dec-22,11.4,1,15.5,991.3,9.6,18,0,230,0,30
24-Dec-22,9.2,5.5,3.6,993.1,7.3,12,0,190,0,21
25-Dec-22,10.3,0.6,5,997.6,6.7,16,0,320,0,25
26-Dec-22,6.4,0.7,0.9,1008.7,4.6,12,0,270,0,21
27-Dec-22,9.3,3.4,3.5,1005.6,7.9,15,0,190,0,26
28-Dec-22,10.7,4.5,10.7,988,8.8,19,0,210,0,33
29-Dec-22,8.9,4.2,9.2,986.4,8.3,16,0,290,0,29
30-Dec-22,9.3,3.3,22.9,980,8.3,17,0,240,0,34
31-Dec-22,6,4.1,5.7,987.4,2.9,7,0,0,0,12
01-Jan-23,6.9,0.1,1.4,997.6,2.4,6,0,300,0,8
02-Jan-23,8.6,-3.6,0,1006.6,5,17,0,160,0,31
03-Jan-23,12.4,8.1,7.6,998.1,13,21,0,230,0,34
04-Jan-23,11.8,9,1.6,1003.9,12.8,20,0,230,0,33
05-Jan-23,12,6.9,4.8,1005.4,10.6,20,0,220,0,31
06-Jan-23,10.5,5.7,4.2,995.5,8,14,0,220,0,25
07-Jan-23,9.1,3,5.3,980.3,10.4,23,0,220,0,35
08-Jan-23,8.3,3.4,4.3,979.5,9.2,19,0,240,0,30
09-Jan-23,8.8,3.8,3.1,994,8.2,17,0,300,0,32
10-Jan-23,13,4.8,27.3,992,12.4,23,0,220,0,38
11-Jan-23,11.1,4.6,18.4,991.9,13.2,25,0,240,0,38
12-Jan-23,11.1,4.7,6.9,990.8,17.1,26,0,250,0,43
13-Jan-23,9.2,5.9,14.4,998.4,8.7,20,0,280,0,30
14-Jan-23,8.6,1.8,1.9,991.2,9,18,0,270,0,30
15-Jan-23,6.5,-2.6,2.7,991.3,4.6,13,0,290,0,20
16-Jan-23,2.7,-4.2,0,987.8,2.2,7,0,320,0,9
17-Jan-23,4.8,-6,0.2,989.1,3.1,7,0,260,0,13
18-Jan-23,4.9,-1.7,1.8,999.1,5.8,20,0,310,0,32
19-Jan-23,5.4,-3.6,0,1006.5,2.2,7,0,310,0,9
20-Jan-23,7.3,-1.5,0,1014.8,5,9,0,110,0,13
21-Jan-23,10.5,7.1,0.2,1019.8,6,10,0,200,0,18
22-Jan-23,11.1,7,3.4,1021.7,5.7,11,0,200,0,18
23-Jan-23,8.8,6.1,0,1027.8,2.7,5,0,210,0,7
24-Jan-23,9.1,6.7,0.6,1031.7,5,8,0,230,0,14
25-Jan-23,10,2.3,0.1,1031.1,6.5,12,0,320,0,19
26-Jan-23,8,1.2,0,1033.2,3.6,9,0,320,0,12
27-Jan-23,7.2,3.8,0,1029.8,3,6,0,210,0,9
28-Jan-23,7.8,4.9,1.2,1026.9,3.7,6,0,190,0,10
29-Jan-23,10.6,4.8,0.8,1021.3,7.5,14,0,240,0,24
30-Jan-23,9.3,5.8,1.2,1020.9,7.5,16,0,240,0,25
31-Jan-23,9.9,6.8,0.5,1020,10.1,17,0,270,0,28
01-Feb-23,10.3,7.9,0.4,1020.3,10.4,14,0,260,0,27
02-Feb-23,11.1,8.9,0.6,1019.4,13.4,19,0,240,0,28
03-Feb-23,12.3,8.9,0.8,1024.1,9.8,15,0,240,0,23
04-Feb-23,9.4,-2.3,1.4,1033.1,6.7,16,0,330,0,22
05-Feb-23,8.6,-3.9,0,1038.1,4.9,10,0,180,0,18
06-Feb-23,9.5,5.5,0,1032.1,6.6,12,0,180,0,18
07-Feb-23,10.8,1.6,0,1030.2,4,10,0,200,0,16
08-Feb-23,9.8,1.4,1,1023.5,8.7,20,0,230,0,31
09-Feb-23,9.2,0.2,0,1026.8,5.3,9,0,240,0,17
10-Feb-23,10.9,4.9,1,1027.9,8.9,16,0,240,0,26
11-Feb-23,9.7,7.5,0,1029.1,4.1,8,0,180,0,13
12-Feb-23,9.8,6.9,0,1026.5,5.6,10,0,150,0,15
13-Feb-23,11.6,6.5,0,1020.4,8.4,15,0,160,0,24
14-Feb-23,14.4,8.2,0,1013.5,10.5,15,0,150,0,25
15-Feb-23,10.8,5.1,13,1008.3,8.1,15,0,160,0,26
16-Feb-23,12,7.5,3.3,1008.7,10.4,21,0,240,0,35
17-Feb-23,11.9,9.9,5.1,1012.9,11.9,21,0,230,0,34
18-Feb-23,11.2,7.6,3.4,1016.7,9.8,18,0,240,0,29
19-Feb-23,11.6,6,0.6,1019.5,10.4,18,0,230,0,26
20-Feb-23,11.5,9.4,3.1,1014.6,11.6,16,0,230,0,26
21-Feb-23,12.8,5.2,6.5,1008,7.6,15,0,310,0,25
22-Feb-23,8,-0.4,1.3,1014.1,8,18,0,330,0,32
23-Feb-23,9.9,0.5,0.5,1020.6,4.9,11,0,320,0,16
24-Feb-23,10.9,2.5,0,1016.1,7.1,13,0,10,0,21
25-Feb-23,8.7,-0.8,0,1018.6,5.2,12,0,80,0,16
26-Feb-23,9.2,0.3,0,1025,5.7,12,0,100,0,20
27-Feb-23,7.5,-1.8,0,1030.5,4.3,10,0,120,0,15
28-Feb-23,7.7,3.5,0,1033.8,4.5,10,0,70,0,17
01-Mar-23,7.2,4,0,1030.4,6,11,0,60,0,18
02-Mar-23,9.1,4.3,0,1024.7,4.9,9,0,70,0,13
03-Mar-23,7.6,4.2,0,1027.3,3.2,7,0,50,0,10
04-Mar-23,5.6,3,0,1026.4,2.3,5,0,120,0,6
05-Mar-23,8.9,2.5,0.3,1016.5,3.7,8,0,250,0,14
06-Mar-23,9.4,1.8,2.4,1004.1,4.5,11,0,40,0,17
07-Mar-23,6.4,-2.1,0,995.3,4.8,9,0,100,0,15
08-Mar-23,5.8,-0.1,0,987.6,10.3,16,0,70,0,23
09-Mar-23,2.3,0.3,21,987,12.3,17,0,0,0,29
10-Mar-23,6.1,-2.2,0,999,5,13,0,0,0,21
11-Mar-23,9.9,0.7,11.6,997.3,9.1,13,0,260,0,23
12-Mar-23,12.4,8.3,7,987.1,8.4,12,0,190,0,20
13-Mar-23,11.6,2.3,9.3,980.5,11,19,0,230,0,29
14-Mar-23,8.1,-2.2,3.4,999.5,6.9,22,0,340,0,35
15-Mar-23,11.5,-1.9,17.5,1000,5.9,13,0,150,0,20
16-Mar-23,15.6,8.7,8.4,989,6.3,13,0,210,0,20
17-Mar-23,14.9,7.5,7.3,990.4,4.8,10,0,150,0,15
18-Mar-23,11.2,2.5,0.8,1002.6,8.4,19,0,320,0,26
19-Mar-23,11,1.1,19.5,1008.7,5.7,11,0,190,0,17
20-Mar-23,14.2,9.2,8.4,1001,6.5,10,0,180,0,17
21-Mar-23,11.1,8.6,24.2,987.6,9.5,23,0,230,0,40
22-Mar-23,11.2,5.3,8.9,981.5,11.1,19,0,240,0,32
23-Mar-23,12.3,5.9,11.3,977.6,10.2,19,0,260,0,31
24-Mar-23,11.1,6.2,7.6,984.3,13.1,24,0,230,0,37
25-Mar-23,13.4,6.8,0.5,994.2,6.3,11,0,250,0,18
26-Mar-23,13.1,3.6,5.8,1006.4,4.8,9,0,250,0,15
27-Mar-23,11.9,3.2,2.4,1013.4,8.6,13,0,150,0,20
28-Mar-23,15.4,7.3,2.1,1003.3,8.4,17,0,240,0,23
29-Mar-23,14.5,9.1,0.6,993.2,10.5,20,0,230,0,33
30-Mar-23,15.5,8.1,4.2,985,8.6,15,0,240,0,23
31-Mar-23,12.7,7.7,1.4,989,7.5,16,0,300,0,22
01-Apr-23,12.2,2,0.3,1009.7,9,18,0,320,0,27
02-Apr-23,13.4,1.2,0,1022.5,4.5,9,0,150,0,13
03-Apr-23,11.6,5.3,0.8,1019.6,8.3,14,0,160,0,23
04-Apr-23,12.5,7.6,5.7,1014.8,8.7,13,0,200,0,19
05-Apr-23,13.3,7.4,5.5,1009.9,6.7,11,0,260,0,19
06-Apr-23,12.3,1.8,0.8,1012.1,4.8,11,0,240,0,22
07-Apr-23,14.5,1.8,0,1013.7,6.4,14,0,150,0,22
08-Apr-23,13.7,5.4,0,1012.5,8.3,13,0,160,0,23
09-Apr-23,13.6,8.4,8,1004.7,10.1,18,0,150,0,28
10-Apr-23,11.3,6.2,6.9,1000.9,9.5,20,0,280,0,34
11-Apr-23,9.1,2.7,19.6,994.1,7.6,20,0,290,0,33
12-Apr-23,9.6,1,10.4,984.8,12.8,27,0,320,0,41
13-Apr-23,11.9,0.8,1.1,996.5,5.8,14,0,240,0,22
14-Apr-23,13.9,-1.1,0,1002.5,5.3,14,0,280,0,21
15-Apr-23,11.6,-0.4,1.6,1012.2,6.3,13,0,200,0,21
16-Apr-23,20.4,9.8,0.7,1015.9,4.7,10,0,200,0,16
17-Apr-23,15.7,8.1,0,1020.3,5.6,9,0,170,0,17
18-Apr-23,17.8,6.6,0,1022.6,8.4,15,0,100,0,21
19-Apr-23,13.8,5.1,0,1021.3,8.9,14,0,80,0,21
20-Apr-23,15.2,5.3,0,1017.6,10.4,16,0,100,0,24
21-Apr-23,16.5,3.4,0.4,1010.2,10.1,18,0,100,0,28
22-Apr-23,8.8,6.3,10.2,1000.9,5,10,0,0,0,16
23-Apr-23,13.8,6.2,4.2,1000.8,4.9,11,0,300,0,16
24-Apr-23,11,3.1,5,1009.1,7.5,13,0,350,0,22
25-Apr-23,11.7,-1.2,0.2,1012.4,5.9,11,0,100,0,17
26-Apr-23,12.9,5.7,0.1,1009.7,5.9,10,0,150,0,15
27-Apr-23,14.6,8.8,7.2,1004.4,4.1,8,0,120,0,11
28-Apr-23,16.2,9.3,1,1007.2,5.2,10,0,240,0,17
29-Apr-23,18.5,10.4,2.5,1012.4,4.4,10,0,220,0,16
30-Apr-23,14.8,11,1.2,1012.5,7.4,13,0,260,0,24
01-May-23,14.4,5.8,0,1015.7,3.9,8,0,240,0,12
02-May-23,17.3,6.1,0.2,1017.4,4.9,9,0,190,0,16
03-May-23,17.7,9.3,0,1013.9,9.2,15,0,120,0,22
04-May-23,17.2,10.4,4.2,1004.3,9.1,15,0,100,0,21
05-May-23,15.7,10.1,13.4,1000.6,5.6,10,0,260,0,17
06-May-23,17.4,10.2,2.5,1005.6,4.5,9,0,220,0,17
07-May-23,16.6,10.5,7.1,1007.2,7.2,13,0,150,0,21
08-May-23,15.6,11,3.2,1006.4,7.8,13,0,230,0,20
09-May-23,15.3,9.4,3.1,1006.1,7.7,14,0,240,0,23
10-May-23,12.7,8.4,8.5,1007.2,8.1,12,0,250,0,24
11-May-23,15.3,8.3,5.9,1015,10.1,18,0,340,0,27
12-May-23,20.5,6.8,0,1022.8,4.6,8,0,350,0,13
13-May-23,19.7,6.7,0.1,1021.2,4.8,9,0,250,0,15
14-May-23,15.8,5.3,3.4,1017.6,8.3,15,0,300,0,23
15-May-23,15.8,3.4,0,1022,5.6,13,0,330,0,19
16-May-23,17.7,1.6,0,1024.3,3.5,9,0,240,0,14
17-May-23,15.5,5.3,0,1024.3,4.2,12,0,280,0,19
18-May-23,15.3,6.5,1.7,1023.9,6.1,11,0,220,0,16
19-May-23,16.1,4.8,0.1,1026.1,4,9,0,240,0,15
20-May-23,17.1,11.8,9.8,1023.4,3.4,9,0,290,0,13
21-May-23,16.8,9.1,0.3,1020.8,5.9,9,0,0,0,15
22-May-23,17,7.3,0,1024.2,6.2,10,0,320,0,17
23-May-23,17,6.5,0,1025.6,4.7,10,0,230,0,16
24-May-23,18,5.1,0,1026.1,3.9,9,0,330,0,14
25-May-23,18.7,10.1,0,1028.7,5.4,9,0,20,0,14
26-May-23,21,7.5,0,1027.8,4.8,8,0,30,0,12
27-May-23,21.5,8.2,0,1023.3,3.9,11,0,340,0,17
28-May-23,17.8,8.8,0,1023.1,6.2,10,0,60,0,15
29-May-23,21.5,5.2,0,1024.8,6.1,10,0,80,0,17
30-May-23,23.1,8.1,0,1026,5.9,11,0,90,0,16
31-May-23,23.1,10.1,0,1023.7,7.1,14,0,70,0,23
01-Jun-23,23.4,8.8,0,1021.4,7.5,13,0,100,0,19
02-Jun-23,21.1,9.2,0,1020.8,6.6,12,0,90,0,17
03-Jun-23,23.5,7.6,0,1019.7,4.7,9,0,100,0,13
04-Jun-23,24.1,8.9,0,1020,5.8,11,0,80,0,17
05-Jun-23,24.2,7.7,0,1019.6,5.9,11,0,90,0,16
06-Jun-23,23.7,9.6,0,1018.5,6.5,11,0,90,0,17
07-Jun-23,20.1,8.1,0,1016.8,7.7,13,0,100,0,20
08-Jun-23,21.1,9,0,1012.3,9.6,14,0,90,0,19
09-Jun-23,21.9,11.2,0,1008.1,8.4,15,0,90,0,21
10-Jun-23,20.1,14.4,1.8,1006.9,7.1,12,0,100,0,18
11-Jun-23,24.9,14.9,0,1010,5.8,11,0,250,0,18
12-Jun-23,23.8,14.1,0.7,1012.1,3.6,7,0,260,0,12
13-Jun-23,25.9,15.3,4.3,1011,4,12,0,90,0,20
14-Jun-23,27,12.6,0,1012.5,4.3,10,0,90,0,17
15-Jun-23,24.4,15.6,1.6,1014.2,2.9,8,0,280,0,11
16-Jun-23,20.4,13.3,3.6,1010.4,5.7,13,0,120,0,22
17-Jun-23,22.5,13,6.4,1005.9,3.3,11,0,120,0,18
18-Jun-23,22.8,11.7,1.4,1001.6,5.4,12,0,130,0,18
19-Jun-23,20.7,11.4,10.6,1000.8,3.9,9,0,250,0,15
20-Jun-23,20.7,11,4.1,1002.7,4.7,10,0,270,0,18
21-Jun-23,20.6,8.7,1.2,1009.3,5.1,12,0,290,0,18
22-Jun-23,23.8,7.3,1.2,1013.9,4.4,10,0,210,0,15
23-Jun-23,21.5,15.7,10,1011.6,7.7,12,0,220,0,20
24-Jun-23,24.1,17,3.3,1008.1,9,16,0,150,0,25
25-Jun-23,18.6,11.7,12.6,1006,7.7,15,0,160,0,26
26-Jun-23,18.1,11.4,3.9,1012.7,6.2,13,0,260,0,20
27-Jun-23,17.7,14.1,6.2,1011,9.2,16,0,240,0,23
28-Jun-23,19.5,10.1,10.1,1012,5.9,14,0,320,0,21
29-Jun-23,17.9,10.4,3.5,1011,7,14,0,230,0,25
30-Jun-23,16.4,12.9,7.3,1003.5,8,13,0,270,0,22
01-Jul-23,18.5,12.5,0,1004.9,9.6,16,0,300,0,23
02-Jul-23,17.2,11.3,0.5,1006.9,8.7,18,0,290,0,29
03-Jul-23,16.6,10.3,9.7,1004.4,7.5,16,0,280,0,26
04-Jul-23,17.2,7.1,1.2,1004.3,6,17,0,300,0,24
05-Jul-23,17,10.5,3,1005.9,7.3,13,0,260,0,25
06-Jul-23,17.7,11.3,15.6,1000.6,9.2,17,0,150,0,26
07-Jul-23,21.6,14.9,5.1,998.7,10.3,18,0,160,0,29
08-Jul-23,20.6,12.7,0.1,1000.4,9.7,20,0,150,0,35
09-Jul-23,18.7,10.9,5.3,1008.1,4.8,9,0,190,0,15
10-Jul-23,20.4,11.5,20.1,1005.7,4.2,8,0,270,0,15
11-Jul-23,18.9,12.6,1.5,1002.9,6.2,14,0,300,0,19
12-Jul-23,17.5,12.3,0.9,1005.7,6.3,11,0,280,0,19
13-Jul-23,17,10.5,3.9,1006.8,4.8,11,0,240,0,17
14-Jul-23,15.7,12.4,34.7,994.8,7,13,0,80,0,21
15-Jul-23,16.6,12.7,25.3,990.2,9,16,0,290,0,26
16-Jul-23,17.2,11.4,6.7,1001.6,6.4,12,0,250,0,21
17-Jul-23,18.2,9.9,3.6,1009.8,4.5,11,0,280,0,17
18-Jul-23,22,11.7,9.6,1010.3,5.8,10,0,340,0,15
19-Jul-23,19.1,9.2,0.2,1013.8,4.8,10,0,330,0,18
20-Jul-23,19.1,8.4,1.1,1013.6,4.4,13,0,320,0,18
21-Jul-23,16.4,11.4,8.5,1008.1,6.2,12,0,230,0,20
22-Jul-23,17.9,14.2,12.7,998.4,5.7,9,0,200,0,16
23-Jul-23,17.5,12.6,4,999,6.3,11,0,20,0,19
24-Jul-23,19.8,9.6,0,1006.5,6.6,12,0,340,0,17
25-Jul-23,19.2,6.6,0,1007.3,3.8,9,0,250,0,14
26-Jul-23,17.5,12.4,12.4,999.8,6.8,12,0,230,0,18
27-Jul-23,19.3,13.4,1.1,996.4,6.4,11,0,270,0,18
28-Jul-23,18.1,12.3,5.7,995.7,8.5,14,0,190,0,25
29-Jul-23,17.8,12.1,7.2,997.3,10.2,16,0,260,0,29
30-Jul-23,17.3,12.8,17.9,999.4,8.6,15,0,230,0,26
31-Jul-23,18,13.2,6.5,996.5,8.8,14,0,260,0,31
01-Aug-23,17.9,11.7,3.1,988.8,6.3,13,0,110,0,21
02-Aug-23,19.4,12.9,4.7,989.4,8.4,15,0,330,0,22
03-Aug-23,17.1,10.4,0.9,1008.9,10,17,0,330,0,26
04-Aug-23,15.9,8.9,11.2,1009.1,5.1,13,0,110,0,21
05-Aug-23,18.7,10.8,12.6,1005.8,10,16,0,350,0,27
06-Aug-23,19.4,11.3,3.3,1016.3,6.2,14,0,290,0,19
07-Aug-23,17.5,11.3,2.1,1014.2,3.5,8,0,290,0,12
08-Aug-23,20.2,11.4,0.2,1010.1,2.7,5,0,40,0,9
09-Aug-23,24.9,15.2,0.6,1010.3,3.6,8,0,220,0,11
10-Aug-23,21,13.9,2.5,1006.8,7.3,12,0,160,0,21
11-Aug-23,18.8,12.1,5.5,1002.5,8,16,0,210,0,25
12-Aug-23,17.6,14.1,11.2,1000.1,10.7,16,0,240,0,26
13-Aug-23,18.5,11,6.3,1002.7,6.7,12,0,230,0,21
14-Aug-23,21,10.4,0.3,1005.2,5.7,12,0,310,0,18
15-Aug-23,20.5,9.1,0,1012.7,3.9,9,0,240,0,14
16-Aug-23,21,10.7,0,1016,3.5,8,0,70,0,13
17-Aug-23,22.7,10.1,0,1010,7.9,15,0,140,0,27
18-Aug-23,20.2,15,28.5,994.6,10.5,22,0,80,0,33
19-Aug-23,18.9,14.1,3.9,995,11.9,20,0,240,0,33
20-Aug-23,20.6,13.4,0.7,1009.4,8.4,16,0,210,0,27
21-Aug-23,20,13.7,2.5,1009.7,10.5,17,0,230,0,29
22-Aug-23,18.5,12.8,1.8,1011.7,7,13,0,240,0,23
23-Aug-23,19.1,11.9,1.2,1012.6,4.9,10,0,230,0,18
24-Aug-23,17.2,6.6,2,1009.2,4.9,12,0,250,0,21
25-Aug-23,18.6,9.4,2.8,1006.1,6.8,15,0,320,0,22
26-Aug-23,18.2,11.1,2.3,1008.8,9.7,19,0,330,0,25
27-Aug-23,19.5,12.3,7,1010.7,7.6,18,0,330,0,24
28-Aug-23,16.6,12.6,0.1,1011.8,4.6,8,0,220,0,15
29-Aug-23,18.1,11.9,1.3,1008.8,6,15,0,300,0,22
30-Aug-23,16,11.1,1.8,1004.8,3.6,8,0,140,0,14
31-Aug-23,19.4,11.3,8.7,999.9,5.3,11,0,230,0,16
01-Sep-23,22.7,9.7,0.1,1006.8,3.2,6,0,100,0,9
02-Sep-23,20.6,12.5,0.3,1016.7,3.2,6,0,230,0,11
03-Sep-23,19.8,9.1,0.1,1020.8,4.2,10,0,220,0,14
04-Sep-23,26.7,8.4,0.1,1016.2,4.9,9,0,60,0,14
05-Sep-23,24.9,15.4,0,1011.2,7.4,14,0,80,0,21
06-Sep-23,25.2,12.9,0,1011.1,5,12,0,170,0,18
07-Sep-23,27.7,15.8,0,1010.3,4.5,8,0,110,0,12
08-Sep-23,26.7,16.1,0,1010.8,3.3,7,0,210,0,12
09-Sep-23,22.8,14.9,0,1011,3.4,7,0,260,0,12
10-Sep-23,24.8,14.6,0,1008.7,3.2,7,0,280,0,14
11-Sep-23,16.5,9.9,10.5,1008.7,4.7,13,0,350,0,22
12-Sep-23,18.4,6.3,0,1015.1,4.4,9,0,330,0,13
13-Sep-23,15.8,4.9,10.6,1013.9,5.4,12,0,210,0,23
14-Sep-23,18.7,10,1,1013,2.8,7,0,270,0,11
15-Sep-23,12.6,10.2,2.6,1012.2,3.8,8,0,10,0,13
16-Sep-23,16.3,8.2,0,1013.2,7.1,14,0,20,0,23
17-Sep-23,17,11.8,0.8,1004.4,3.4,7,0,290,0,11
18-Sep-23,14.7,9.1,9.5,996.2,7.1,15,0,260,0,27
19-Sep-23,17.7,12.1,30.4,987.2,14.9,21,0,220,0,33
20-Sep-23,16.8,7.9,6.4,982.3,9.7,22,0,220,0,36
21-Sep-23,16.7,5.1,0.9,990.5,4.6,13,0,290,0,19
22-Sep-23,14.8,4.5,0.3,1001.6,7.3,16,0,330,0,25
23-Sep-23,16.1,3.8,3.7,1003.1,6.5,16,0,150,0,26
24-Sep-23,17.6,13.1,13.1,994.9,9.3,15,0,230,0,27
25-Sep-23,18.4,12.7,4.4,1002.2,11.1,16,0,220,0,25
26-Sep-23,16.4,9.9,10.4,1002.6,7.5,13,0,150,0,25
27-Sep-23,16.7,9,21.9,990.6,11.2,19,0,150,0,30
28-Sep-23,15.6,10.9,9.2,1000,8,13,0,190,0,23
29-Sep-23,16.7,9,2.5,1010.3,6.1,13,0,250,0,21
30-Sep-23,17.3,8.6,9.4,1010.4,7,14,0,230,0,21
01-Oct-23,17.6,11.4,2.3,1009.1,8,13,0,230,0,20
02-Oct-23,15.5,10.7,4.6,1009.5,6.1,10,0,200,0,15
03-Oct-23,15.9,10.1,3.4,1012.9,7.8,13,0,280,0,21
04-Oct-23,16.6,12.6,3.6,1015.1,10.9,16,0,230,0,29
05-Oct-23,17.5,12.4,22.8,1010.4,10.7,18,0,230,0,32
06-Oct-23,20.2,15.2,5.4,1011.5,10.2,15,0,230,0,23
07-Oct-23,19.8,12.6,0,1013.3,4.8,8,0,210,0,13
08-Oct-23,19.5,12.2,0,1016.5,3.4,8,0,220,0,13
09-Oct-23,20.7,11.7,0.1,1014.8,3.3,9,0,260,0,14
10-Oct-23,17.2,13.4,3.7,1008.5,9.4,16,0,220,0,27
11-Oct-23,15,5.7,4.5,1007.1,4.8,13,0,220,0,22
12-Oct-23,13.6,1.3,0.6,1003.9,2.7,5,0,0,0,10
13-Oct-23,14.5,6.7,0.2,1002,6.7,17,0,310,0,25
14-Oct-23,12,1.1,0.3,1016,6,16,0,300,0,23
15-Oct-23,10.6,-0.3,0,1020.8,2.4,5,0,110,0,9
16-Oct-23,13.2,3.7,0,1014.4,5.8,10,0,100,0,16
17-Oct-23,10.5,3.7,25.7,1002.5,10.3,16,0,100,0,25
18-Oct-23,13,10.2,18.7,984.7,11,14,0,100,0,22
19-Oct-23,16.7,10.9,2.8,972.2,4.3,9,0,80,0,15
20-Oct-23,15.1,8.3,20.1,977.2,5.8,15,0,70,0,24
21-Oct-23,11.8,2,0.1,987,4.8,9,0,300,0,13
22-Oct-23,14.1,0.7,0.1,995.1,4,12,0,100,0,17
23-Oct-23,11.7,9.3,19.9,994.8,6.5,11,0,100,0,16
24-Oct-23,13.1,5.7,1.6,992.4,3.6,7,0,110,0,11
25-Oct-23,11.1,4.5,8.2,988.1,7,13,0,110,0,19
26-Oct-23,14.1,5,1.2,980.3,4.2,9,0,210,0,13
27-Oct-23,14,5.3,2.2,977.3,6.5,11,0,110,0,18
28-Oct-23,14.5,6.9,6.2,973.8,5.6,11,0,150,0,17
29-Oct-23,12.4,3.5,14.8,976.3,4.2,10,0,210,0,15
30-Oct-23,13,4.9,0.8,984.9,4.9,9,0,110,0,15
31-Oct-23,11,7.4,6,985.8,5.9,16,0,110,0,25
01-Nov-23,11.9,3.4,7,973.8,7.3,20,0,240,0,34
02-Nov-23,11.3,2.2,1,969.4,5.3,14,0,270,0,24
03-Nov-23,13.4,4.4,1.1,976.3,5.5,14,0,350,0,22
04-Nov-23,9.7,5.1,7,966.2,7.6,12,0,50,0,20
05-Nov-23,11.2,6.2,3,978.4,5.3,9,0,260,0,16
06-Nov-23,11.7,6.6,2.3,992.5,5.8,12,0,280,0,17
07-Nov-23,12.4,4.2,1.1,997.6,5.6,16,0,160,0,23
08-Nov-23,10.8,4.2,7.9,991.4,8.5,17,0,230,0,28
09-Nov-23,10.3,4.9,17.5,984.8,7.4,14,0,210,0,26
10-Nov-23,11.6,4.5,2.1,992.5,7,14,0,330,0,20
11-Nov-23,7.4,-0.7,0.1,998.6,4.9,11,0,110,0,18
12-Nov-23,13.1,6.7,11.7,988.4,7.4,15,0,220,0,22
13-Nov-23,13.1,7.6,13.1,977.1,12.8,38,0,240,0,62
14-Nov-23,12.8,7.8,1.4,998.4,8.7,13,0,270,0,24
15-Nov-23,11.7,4.8,0,1009.9,5,9,0,260,0,16
16-Nov-23,9.4,4.4,6.6,1007.9,5,13,0,210,0,22
17-Nov-23,11.8,2.2,7.6,1005,6.1,13,0,110,0,22
18-Nov-23,13.7,11.3,5.9,994.9,13.1,20,0,220,0,32
19-Nov-23,12.2,6.3,6.9,994.8,11,16,0,230,0,32
20-Nov-23,11.5,5.6,1.3,1011.2,10.4,18,0,310,0,26
21-Nov-23,10.3,2.9,0.5,1024.9,4.9,11,0,310,0,18
22-Nov-23,11.6,10,0.8,1025,9.2,13,0,250,0,24
23-Nov-23,12.6,9.9,0.4,1023.9,8.1,13,0,250,0,25
24-Nov-23,10.3,5.8,0,1022.4,3.6,8,0,290,0,12
25-Nov-23,9.1,2.7,0.1,1015.1,5.3,9,0,110,0,12
26-Nov-23,11.2,8.1,6.7,1005.2,4.2,7,0,270,0,12
27-Nov-23,9.7,-0.5,0.2,1004.6,5.1,13,0,360,0,20
28-Nov-23,8.2,-0.9,0.2,1007,1.9,5,0,330,0,8
29-Nov-23,4.5,-0.9,0,1002.2,4.9,9,0,70,0,12
30-Nov-23,4.8,-3.8,0,1003.4,5.9,10,0,30,0,15
01-Dec-23,3.7,-5,0.2,1006.4,2.6,6,0,200,0,9
02-Dec-23,5.4,-1.9,2.8,1005.8,3.7,6,0,200,0,10
03-Dec-23,1.8,-0.9,0,1002.3,6.1,9,0,20,0,15
04-Dec-23,5,-3.9,0,1004.1,6.8,11,0,310,0,15
05-Dec-23,4.8,-3.8,0.2,1009.5,3.7,8,0,100,0,12
06-Dec-23,10,1.5,4.2,999.8,10.6,21,0,150,0,32
07-Dec-23,12.1,7.2,8.3,987.4,7.7,13,0,220,0,21
08-Dec-23,10.4,7.5,18.6,987.5,14,22,0,230,0,36
09-Dec-23,11.6,6.2,15.2,987.9,12,22,0,270,0,47
10-Dec-23,11.5,6.8,8.7,986.4,11.1,29,0,230,0,48
11-Dec-23,9.7,1.1,16.6,993.1,4.6,11,0,100,0,18
12-Dec-23,8.1,3.2,1.2,993.6,4.7,12,0,330,0,17
13-Dec-23,10.2,4.3,1,1005.4,6.5,12,0,320,0,17
14-Dec-23,10.2,7.3,1.1,1016.2,5.6,11,0,250,0,21
15-Dec-23,11.2,6.6,0.9,1025.8,8.4,14,0,230,0,22
16-Dec-23,11.7,7.7,0.3,1024.5,7.8,14,0,210,0,23
17-Dec-23,12.7,10.5,16.7,1018.6,11.5,16,0,200,0,25
18-Dec-23,12.2,8.1,2.6,1016.6,6.6,14,0,230,0,19
19-Dec-23,9.5,3.9,0.5,1018.2,6.9,12,0,280,0,19
20-Dec-23,11.8,8.8,0.2,1016,10.8,16,0,270,0,26
21-Dec-23,12,10.2,0.1,1011.6,14.1,20,0,270,0,36
22-Dec-23,11.4,9.2,0.2,1013.7,11.2,17,0,280,0,30
23-Dec-23,12.1,9.3,10.3,1006,14,21,0,240,0,36
24-Dec-23,12.2,9.3,7.9,997.5,12.6,20,0,240,0,33
25-Dec-23,10.4,7.3,1.1,999.9,10.9,15,0,280,0,27
26-Dec-23,7.9,-0.2,9.9,1001.7,6.7,19,0,110,0,31
27-Dec-23,11.9,5.2,19.2,985.8,9,16,0,220,0,37
28-Dec-23,10.1,6,15.8,989.7,13.7,21,0,270,0,42
29-Dec-23,8,2.1,3.6,998,8.1,17,0,280,0,31
30-Dec-23,10.1,3.2,24.2,984.4,10.5,21,0,190,0,38
31-Dec-23,8.6,5.2,11.3,980.2,9.7,18,0,300,0,29
01-Jan-24,11.1,2.8,12.6,984,8.4,18,0,240,0,30
02-Jan-24,10.4,6.4,6.8,975.4,7.3,15,0,230,0,23
03-Jan-24,9.3,3.7,5,984.3,5.5,13,0,250,0,27
04-Jan-24,8.5,0.9,1.1,994.6,4.7,10,0,260,0,17
05-Jan-24,8.8,-0.7,0,1004.7,4.7,12,0,300,0,19
06-Jan-24,9.2,-2.7,0.1,1017.1,1.6,4,0,280,0,7
07-Jan-24,4.8,-4,0,1025.2,3,7,0,70,0,9
08-Jan-24,3.8,-4.6,0,1028.7,5,10,0,110,0,15
09-Jan-24,5.2,0.1,0,1028.7,7.2,15,0,110,0,22
10-Jan-24,4.6,-3.2,0,1031,6.4,10,0,80,0,14
11-Jan-24,7.3,3.4,0,1035.6,5.8,10,0,50,0,15
12-Jan-24,4.9,0.9,0,1033.6,3.5,7,0,350,0,11
13-Jan-24,6.5,1,0.1,1023.2,2.1,5,0,340,0,9
14-Jan-24,6.3,-0.8,0.4,1014.8,3.6,8,0,360,0,12
15-Jan-24,3.9,-2.8,0,1011.2,3.1,7,0,350,0,15
16-Jan-24,5.8,-2.3,1,1001.3,5,9,0,230,0,14
17-Jan-24,4,-4.9,0,994.8,3.2,6,0,340,0,9
18-Jan-24,5.5,-7.3,0,1006.3,2.4,7,0,320,0,8
19-Jan-24,6.4,-2.5,0.1,1009.9,7.7,13,0,190,0,24
20-Jan-24,10.9,6.2,10.7,999.9,10.5,17,0,190,0,28
21-Jan-24,14.5,5.5,19.7,983.7,17.1,38,0,230,0,57
22-Jan-24,8.5,5.5,3,998.4,11.7,21,0,250,0,41
23-Jan-24,13.6,5.1,18.1,1002.7,17.6,28,0,240,0,45
24-Jan-24,10.4,6.3,1,1011.3,7.8,19,0,260,0,37
25-Jan-24,13.8,5.5,8.5,1007.2,10.4,20,0,270,0,37
26-Jan-24,9.8,3.8,1.3,1013.8,11.2,21,0,280,0,40
27-Jan-24,11.3,6.7,0.1,1014.3,8.7,13,0,190,0,22
28-Jan-24,13.5,4.9,0.2,1006.3,9.8,20,0,220,0,31
29-Jan-24,7.9,-1.4,0,1017.8,4.3,11,0,0,0,17
30-Jan-24,8.5,-3.4,0.1,1023.5,5.2,11,0,200,0,17
31-Jan-24,11.1,0.5,2.5,1019.2,10.5,23,0,230,0,37
01-Feb-24,10.7,2.5,0,1026,6.4,15,0,230,0,24
02-Feb-24,12,10.1,3.2,1021.6,13.8,17,0,230,0,30
03-Feb-24,10.5,8.1,1.5,1021.1,6.4,11,0,250,0,21
04-Feb-24,12.3,8.9,2.4,1017.9,13.4,20,0,250,0,32
05-Feb-24,11.6,9.4,1.6,1009.1,14.2,17,0,230,0,31
06-Feb-24,11.1,2.6,19.3,1000.8,7.9,20,0,230,0,31
07-Feb-24,6.5,-0.1,0,998.5,4.4,11,0,80,0,18
08-Feb-24,6.1,2,15.8,980.5,13.1,22,0,80,0,34
09-Feb-24,7.2,4.8,6.9,967.9,9,13,0,90,0,20
10-Feb-24,8.7,2.8,1.3,976.2,5.3,9,0,60,0,14
11-Feb-24,9.7,1.5,0.2,987.9,5.5,12,0,260,0,22
12-Feb-24,9.2,0.7,2.5,996.9,6.9,16,0,250,0,31
13-Feb-24,10.1,2.3,9.4,999,4.7,8,0,100,0,13
14-Feb-24,12.8,10,18.9,997.5,5.9,12,0,230,0,18
15-Feb-24,12.5,8.9,9.5,996.9,5.3,9,0,250,0,16
16-Feb-24,12.9,9.1,4,1007.3,7.5,13,0,240,0,21
17-Feb-24,12.7,9.1,9.3,1014.1,6.6,14,0,240,0,21
18-Feb-24,12.3,8.5,4.5,1020.2,6.5,11,0,230,0,21
19-Feb-24,11.9,8.4,0.2,1022.7,7.9,13,0,240,0,22
20-Feb-24,12.1,5.7,3.4,1011.7,9.1,16,0,230,0,25
21-Feb-24,11.7,5.6,8.5,992.5,10.9,20,0,240,0,33
22-Feb-24,7.9,2.7,4.7,978.4,6.6,15,0,250,0,27
23-Feb-24,7.1,1.4,4.8,979.2,6,12,0,230,0,20
24-Feb-24,10.9,0.3,0.4,986.6,4.8,11,0,310,0,16
25-Feb-24,8.4,2.5,0.1,996,8.6,12,0,10,0,22
26-Feb-24,9.8,0.4,0,1013.5,5.9,11,0,330,0,17
27-Feb-24,11,5.4,3.3,1013.3,8.5,15,0,230,0,24
28-Feb-24,11.5,5.6,19.7,1005.4,9.9,15,0,220,0,27
29-Feb-24,7.5,3,3.7,990.9,8,14,0,270,0,32
01-Mar-24,5.9,0.2,3,986.3,8.4,16,0,0,0,27
02-Mar-24,7,-0.4,6.7,992.5,10.4,20,0,320,0,31
03-Mar-24,11.1,0.4,1.5,995.4,5.1,11,0,250,0,18
04-Mar-24,8.4,2.2,1.3,991,12.7,23,0,100,0,37
05-Mar-24,12,4.9,5.1,997,11,20,0,140,0,35
06-Mar-24,13.2,6,0.1,1008.3,10.5,16,0,150,0,25
07-Mar-24,11.8,5.3,0,1009,10.7,16,0,120,0,25
08-Mar-24,8.9,4.9,0,1000.5,12.6,17,0,100,0,28
09-Mar-24,7.1,4.4,0,992.5,10.7,16,0,60,0,24
10-Mar-24,9,5.6,0,995.7,6.4,10,0,50,0,15
11-Mar-24,10,6.5,17.4,999.7,4.4,15,0,120,0,23
12-Mar-24,12.4,8.1,8.8,996,10.8,18,0,220,0,30
13-Mar-24,12.1,6.3,7.4,995.9,6.6,17,0,220,0,29
14-Mar-24,14.2,6.2,20.5,990.7,7.4,18,0,220,0,30
15-Mar-24,12.6,2.9,0.4,999,7,13,0,260,0,24
16-Mar-24,13.7,2.8,3.7,1005.5,7,12,0,150,0,20
17-Mar-24,13.4,7.8,3,1001.6,6.9,16,0,240,0,26
18-Mar-24,13.2,6.5,2.4,998.1,9.4,20,0,220,0,32
19-Mar-24,12.8,7.6,4.4,1003.6,4.9,14,0,230,0,23
20-Mar-24,13.6,4.7,1.1,1014.4,5.2,10,0,350,0,16
21-Mar-24,12,5.4,5.2,1015.6,9.9,20,0,230,0,29
22-Mar-24,10.1,3.6,4.2,1015.3,8.1,22,0,300,0,42
23-Mar-24,10.9,3.6,1.9,1011.9,10.1,18,0,310,0,29
24-Mar-24,9.5,2.7,9.7,1001.2,5.3,9,0,140,0,14
25-Mar-24,9.6,4.3,10.8,986.8,5.1,11,0,230,0,16
26-Mar-24,8.2,5,7.2,977.4,6.4,11,0,70,0,20
27-Mar-24,8.6,1.2,2,963.9,8.7,14,0,80,0,22
28-Mar-24,10.9,-0.7,0,967.4,4.9,9,0,300,0,17
29-Mar-24,12.1,0,1.2,974.2,5.4,11,0,240,0,20
30-Mar-24,13,1.3,0,982.3,7.5,15,0,160,0,26
31-Mar-24,13.4,6,1.5,985.2,8.1,14,0,110,0,22
01-Apr-24,11.7,3.1,0.9,989,7.4,12,0,80,0,19
02-Apr-24,13.2,2.1,2.8,993,5.7,12,0,100,0,18
03-Apr-24,14,4.3,2.9,993.6,4,10,0,160,0,15
04-Apr-24,12.9,6.3,9.8,987.9,6.8,14,0,110,0,20
05-Apr-24,14.2,10,4.3,982.2,10.5,18,0,220,0,28
06-Apr-24,14.1,7.1,3.4,974.9,17,25,0,220,0,44
07-Apr-24,12.3,5.9,1.5,987.8,14.4,23,0,230,0,36
08-Apr-24,8.5,3.5,3.2,997.2,5,16,0,310,0,25
09-Apr-24,12.6,4.3,0.1,1007.3,8.5,17,0,290,0,25
10-Apr-24,13.9,7.6,10.7,1010.1,13.2,21,0,220,0,34
11-Apr-24,15.2,11.2,14.6,1016.3,9.5,17,0,220,0,28
12-Apr-24,13.4,10.3,2.1,1015.8,9.7,18,0,220,0,29
13-Apr-24,12.1,6.9,1.4,1014.4,10.6,17,0,220,0,29
14-Apr-24,11.5,5.2,6.2,1010,11.4,21,0,230,0,36
15-Apr-24,11,4.1,5.8,1008,14.4,22,0,330,0,39
16-Apr-24,13.1,5.6,0.1,1017.2,10.1,17,0,320,0,23
17-Apr-24,14.2,5.4,1,1017.1,8.1,18,0,320,0,27
18-Apr-24,14.1,4.3,0.1,1018.9,6.4,12,0,280,0,21
19-Apr-24,15.1,5,0.1,1020.2,7.1,13,0,330,0,20
20-Apr-24,17.3,2.2,0,1024.3,3,8,0,110,0,10
21-Apr-24,19.8,2.1,0,1026.6,2.8,7,0,310,0,9
22-Apr-24,16.1,4.3,0,1026.8,7.2,13,0,340,0,21
23-Apr-24,15.5,4.3,0,1023.1,7.7,14,0,330,0,21
24-Apr-24,14.7,3.7,0,1014.7,4.8,9,0,30,0,14
25-Apr-24,11.7,5.5,1.9,1003.2,3.4,9,0,0,0,14
26-Apr-24,11.7,2.5,2.6,1000.3,5.2,10,0,30,0,18
27-Apr-24,14.1,1.1,0.5,1002.3,4.3,12,0,290,0,20
28-Apr-24,12.4,1.8,2.5,1001,5.8,14,0,240,0,23
29-Apr-24,12.7,7.2,7.2,995.7,7.7,19,0,250,0,30
30-Apr-24,11.9,5.7,15,995.9,5.2,10,0,140,0,18
01-May-24,15.6,5.2,0,1002,6.5,15,0,120,0,21
02-May-24,11.1,7.1,5,1003,4,11,0,290,0,15
03-May-24,11.5,9.8,5.4,1003,5.3,8,0,260,0,16
04-May-24,13.4,9.7,0,1003.5,4.5,9,0,240,0,14
05-May-24,18.8,4.9,0,1002.8,3.4,10,0,340,0,15
06-May-24,13.2,9.3,0,1010,6.6,11,0,340,0,17
07-May-24,14.2,8,0,1018.8,2.6,5,0,260,0,9
08-May-24,16.6,6.7,0,1021.6,3.8,9,0,200,0,13
09-May-24,19.1,7,0,1019.9,3.8,9,0,190,0,14
10-May-24,23,9.6,0,1015.9,5.3,10,0,200,0,15
11-May-24,22.5,6.1,0,1011.7,4.5,10,0,190,0,18
12-May-24,16.5,9.4,0,1003.8,4,10,0,260,0,16
13-May-24,18,10.1,16.1,993.4,8,15,0,90,0,23
14-May-24,17.7,7.7,0,992.6,5.7,11,0,30,0,20
15-May-24,20.1,8.5,0,997.5,5.3,11,0,90,0,17
16-May-24,22.1,7.8,0,1002.8,5.4,12,0,330,0,21
17-May-24,18.8,11.7,0,1007.9,10.2,14,0,330,0,22
18-May-24,15.5,7.1,0,1013.4,7.2,12,0,0,0,20
19-May-24,24.1,4.8,0,1012.8,3.3,6,0,240,0,11
20-May-24,22.5,8.2,3.4,1009.2,3.3,8,0,230,0,13
21-May-24,16.1,11.2,6.4,1006.8,3.3,7,0,110,0,10
22-May-24,16.7,9.1,0.2,1010.4,10.4,18,0,330,0,28
23-May-24,15.2,7.6,0,1014.4,9.5,16,0,330,0,23
24-May-24,17.4,4.8,0,1012.6,4,8,0,250,0,12
25-May-24,15.1,6.9,4,1006.8,8.3,13,0,130,0,22
26-May-24,15.5,9.6,2.4,1003.8,6.1,14,0,250,0,22
27-May-24,15.5,7.8,3.7,1004.2,5.4,11,0,210,0,18
28-May-24,15.1,11.3,8.1,1001.2,8.3,15,0,240,0,27
29-May-24,16.8,10.4,4,1007.2,8.6,16,0,320,0,22
30-May-24,15.2,9.4,0.3,1016,10.3,17,0,340,0,26
31-May-24,18.8,6.1,0,1022.8,6.8,11,0,10,0,17
01-Jun-24,19.9,4.2,0,1026.3,4.8,9,0,240,0,14
02-Jun-24,18.1,7.4,0,1025.5,4.1,9,0,240,0,15
03-Jun-24,15.6,11.7,0.4,1017.8,5.7,9,0,260,0,16
04-Jun-24,16.6,6.1,1.3,1008.5,10.4,19,0,330,0,26
05-Jun-24,15.8,6.6,0.2,1010.8,7,13,0,310,0,21
06-Jun-24,14.6,6.1,0.2,1013.1,5.5,13,0,270,0,21
07-Jun-24,15.8,7.2,0.1,1012,6.8,12,0,250,0,24
08-Jun-24,17.7,9.5,0.6,1011.7,8,13,0,340,0,19
09-Jun-24,14.2,9.2,1.4,1010.9,8.3,15,0,280,0,23
10-Jun-24,17.6,5.1,0,1014,7.6,13,0,350,0,21
11-Jun-24,17.1,3.8,0,1019,6.7,12,0,310,0,18
12-Jun-24,17,2.4,0,1013.3,3.4,8,0,220,0,13
13-Jun-24,16.7,11.3,17.2,998.1,8.7,15,0,230,0,26
14-Jun-24,15.7,9,3.4,991.4,6.9,13,0,240,0,20
15-Jun-24,18.2,6.7,4,992.6,4.6,11,0,340,0,16
16-Jun-24,17.1,5.2,1.8,999.1,4.5,9,0,240,0,16
17-Jun-24,17.2,8.6,0,1008.2,7.1,12,0,340,0,19
18-Jun-24,16.2,6.6,0.2,1016.5,7.7,13,0,20,0,22
19-Jun-24,17.6,4.2,0,1019.1,4.4,9,0,260,0,16
20-Jun-24,18.3,10.2,2.3,1013.5,4.7,8,0,210,0,13
21-Jun-24,16.6,10.9,5.1,1004.3,7.9,15,0,210,0,25
22-Jun-24,17.6,10.9,0.3,1008.3,6,11,0,240,0,18
23-Jun-24,20.1,11.8,0,1013.4,3.9,7,0,260,0,13
24-Jun-24,24.3,15.1,0,1011.8,6.5,13,0,220,0,21
25-Jun-24,22.2,10.4,0.4,1013.7,6.7,12,0,320,0,16
26-Jun-24,20,6.3,0.3,1006.4,7.9,17,0,220,0,27
27-Jun-24,14.1,11.4,6.2,1002.6,12.7,18,0,230,0,36
28-Jun-24,15.7,11.1,1.8,1009,6.5,11,0,290,0,19
29-Jun-24,17.5,9.1,9,1009.8,7,12,0,10,0,18
30-Jun-24,18.2,10.6,2.7,1013.4,5.9,10,0,290,0,15
01-Jul-24,18.1,7.8,0.3,1016.6,7,14,0,350,0,21
02-Jul-24,16.9,6.3,0.2,1013.1,5.2,10,0,270,0,17
03-Jul-24,16.9,9.7,1.4,1003.2,9.4,18,0,300,0,26
04-Jul-24,15.9,10.1,2.2,1004,8.4,14,0,270,0,25
05-Jul-24,15.2,7.5,0.6,1000.2,5.9,13,0,230,0,23
06-Jul-24,18,7,1.9,1000.4,6.3,13,0,290,0,21
07-Jul-24,17,8.3,4.9,1004.1,2.5,7,0,300,0,11
08-Jul-24,20.3,7.3,0,1006.6,5.1,10,0,130,0,16
09-Jul-24,16.8,12,0.2,1004.5,7.8,13,0,20,0,22
10-Jul-24,20.1,10.8,0,1010,11,16,0,310,0,23
11-Jul-24,17.9,11.6,0,1017.2,8.9,13,0,350,0,23
12-Jul-24,18.4,10.7,0,1017,6.9,11,0,340,0,17
13-Jul-24,22.2,11.7,0.3,1011.6,5.4,10,0,330,0,15
14-Jul-24,21.7,9.8,8.4,1006.4,2.9,10,0,260,0,15
15-Jul-24,20.1,9.7,0,1003,4,7,0,320,0,12
16-Jul-24,18.7,12.8,0,1008.4,6.5,10,0,310,0,17
17-Jul-24,19,11.5,1.5,1011.1,6,13,0,210,0,20
18-Jul-24,21.7,11.8,2.6,1009.7,4.8,9,0,170,0,15
19-Jul-24,20.3,10.7,8,1005.5,5.7,13,0,220,0,19
20-Jul-24,18.4,11,7.6,1002.2,7.9,15,0,310,0,23
21-Jul-24,16.9,12.5,9.5,1003.1,5.6,10,0,230,0,16
22-Jul-24,17.5,11.4,4.4,1006.8,4.6,8,0,270,0,13
23-Jul-24,19.8,11,0,1014.1,3.5,6,0,350,0,10
24-Jul-24,18.5,13.7,3.2,1010.7,6,12,0,220,0,19
25-Jul-24,18.1,12,2.8,1003.5,7.2,13,0,240,0,23
26-Jul-24,18,11.6,2.9,1004,6.4,14,0,220,0,23
27-Jul-24,20.5,9,7.6,1010.7,6.3,12,0,330,0,16
28-Jul-24,21.9,8.6,0,1017.3,4.4,10,0,210,0,16
29-Jul-24,19.4,10.8,0,1014.4,5.8,11,0,200,0,18
30-Jul-24,22.2,7.4,0,1015.4,3.2,8,0,310,0,12
31-Jul-24,21.6,11.6,1,1012.1,3.5,8,0,280,0,14
01-Aug-24,21,14.2,0.3,1007.8,5.2,10,0,210,0,17
02-Aug-24,18.1,11.3,7.2,1002.9,8.1,13,0,230,0,22
03-Aug-24,17.1,10.4,2.4,1006.4,6.3,12,0,260,0,22
04-Aug-24,20.5,12.9,10.5,1002.5,8.8,15,0,190,0,23
05-Aug-24,19.4,11.3,9.4,998.2,7.7,13,0,200,0,20
06-Aug-24,17.4,10.7,4.9,1000.2,9,16,0,220,0,27
07-Aug-24,18.1,12.9,1.3,1002.5,9,16,0,260,0,30
08-Aug-24,18,13.6,6.6,1000.9,6.9,15,0,240,0,27
09-Aug-24,18.4,13.6,1.1,1006.2,9.8,15,0,260,0,27
10-Aug-24,19,11.3,2.2,1012.3,5.8,12,0,250,0,19
11-Aug-24,21.6,11.4,7.6,1007.4,7.9,13,0,140,0,20
12-Aug-24,20.2,13.6,15.1,998.7,9.6,15,0,230,0,25
13-Aug-24,19.8,8.2,2.4,1001.2,8.4,14,0,300,0,22
14-Aug-24,18.1,7.3,0.2,1007.1,6.8,13,0,200,0,20
15-Aug-24,19.5,12.1,19.8,1004.9,7.9,16,0,330,0,23
16-Aug-24,17,11,0.7,1009.5,6.5,13,0,240,0,22
17-Aug-24,16.6,12.6,1.1,1007.1,7,11,0,240,0,22
18-Aug-24,18.1,12.8,0,1008.6,7.2,12,0,240,0,19
19-Aug-24,18.7,11.2,4.8,1000.7,8,18,0,220,0,28
20-Aug-24,16.8,10.6,1.5,1004.4,9.2,18,0,280,0,29
21-Aug-24,17.6,12,5.1,999.8,12.2,21,0,230,0,33
22-Aug-24,16.9,11.2,13.1,991.2,8.2,19,0,230,0,31
23-Aug-24,16.6,9.4,13.7,991.1,8.2,17,0,230,0,27
24-Aug-24,17,8.1,2.4,1000.2,6.8,15,0,310,0,26
25-Aug-24,15.9,10,8.1,1005.2,10.5,16,0,230,0,29
26-Aug-24,17.6,13.4,6.4,1004.4,7.5,13,0,200,0,23
27-Aug-24,19.9,13.2,1.4,1001.4,9,17,0,200,0,26
28-Aug-24,16.8,11.3,6.4,1005,6.3,13,0,240,0,22
29-Aug-24,17.9,8.2,3.2,1012.4,5.3,12,0,270,0,20
30-Aug-24,19.4,5.9,0.1,1018.5,2.4,6,0,90,0,10
31-Aug-24,21.7,5.8,0,1016.2,5.6,11,0,140,0,17
01-Sep-24,19,10.9,3.9,1009.2,5.9,11,0,120,0,16
02-Sep-24,18.6,9.1,6.1,1007.8,7,12,0,330,0,19
03-Sep-24,17.8,9.6,0.6,1011.4,6.3,13,0,320,0,19
04-Sep-24,16.9,9.4,3.9,1016.6,8,15,0,310,0,24
05-Sep-24,19.1,7.6,0,1015.9,7.1,13,0,30,0,21
06-Sep-24,24,11.9,0,1010,5.6,10,0,10,0,15
07-Sep-24,23.1,12,0.1,1006.5,4.5,10,0,340,0,14
08-Sep-24,16.9,10.9,0.1,1007.4,9.5,16,0,340,0,24
09-Sep-24,16.4,9.3,0.1,1009.5,7.4,13,0,270,0,25
10-Sep-24,15.6,7.5,3.9,1005.9,9.3,16,0,310,0,26
11-Sep-24,15.9,7.8,0.2,1010.7,8.6,17,0,330,0,26
12-Sep-24,15.5,3.1,0,1018,4.8,12,0,320,0,18
13-Sep-24,14,2.1,2.8,1020.9,5.9,11,0,200,0,18
14-Sep-24,16.5,13,9.9,1017.5,9.2,14,0,200,0,23
15-Sep-24,18.6,9.6,0.3,1019.7,3.7,9,0,230,0,14
16-Sep-24,20.6,8.7,0.1,1023.9,3.3,9,0,170,0,13
17-Sep-24,21.8,12.2,0,1025.5,3.8,9,0,110,0,13
18-Sep-24,20.6,8.1,0,1024.1,5,8,0,130,0,13
19-Sep-24,21.8,9.9,0.2,1022,5.3,10,0,60,0,14
20-Sep-24,19.1,9.8,0,1019.7,5.8,10,0,80,0,15
21-Sep-24,16.5,8.7,0,1015.9,5.5,11,0,80,0,17
22-Sep-24,15.4,13.1,1.2,1010.5,5.1,8,0,50,0,13
23-Sep-24,13.9,10.9,0,1005.3,4.8,9,0,340,0,14
24-Sep-24,16.1,7.4,0,1001,4.7,10,0,350,0,18
25-Sep-24,9.9,5.5,1.3,990.9,6.7,11,0,10,0,17
26-Sep-24,11.1,7.2,7.8,990.1,10.6,16,0,0,0,28
27-Sep-24,12.8,5.4,1.7,1008.1,8.3,16,0,330,0,26
28-Sep-24,13.2,3.8,0.1,1017,3.3,8,0,190,0,14
29-Sep-24,13.3,8.7,1,1004.4,12.6,20,0,100,0,33
30-Sep-24,17.2,6.9,1.3,1004.8,7,16,0,300,0,22
01-Oct-24,16.6,6.1,0,1012.3,5.3,9,0,30,0,18
02-Oct-24,16.8,3.3,0,1015.2,5.8,13,0,80,0,19
03-Oct-24,14.4,9,1.3,1012.3,8.2,13,0,150,0,20
04-Oct-24,18.4,13.4,0,1005.6,8.6,14,0,170,0,22
05-Oct-24,15.9,12.1,6.4,995.5,11.5,19,0,140,0,32
06-Oct-24,17.9,9.8,5.5,986.1,6.1,12,0,150,0,20
07-Oct-24,18,10.7,1.4,984.2,5.8,11,0,160,0,20
08-Oct-24,15.2,10.8,5.5,985.4,7.2,12,0,60,0,21
09-Oct-24,14.6,3.9,0.1,994.4,7.7,14,0,0,0,23
10-Oct-24,12.8,0.1,0.2,1006.3,4.7,11,0,320,0,16
11-Oct-24,12,-0.5,1.7,1008.7,3.9,9,0,210,0,14
12-Oct-24,12.8,0.3,4,1006,6,15,0,310,0,25
13-Oct-24,9.8,0.5,0.1,1009.6,5.2,9,0,130,0,17
14-Oct-24,11.6,4,0,1008.2,4.1,8,0,170,0,12
15-Oct-24,15.2,10.1,5.6,999.3,7.2,11,0,140,0,18
16-Oct-24,19.1,9.6,0.9,990.7,3.6,8,0,160,0,12
17-Oct-24,16.1,8.9,1.5,998.6,6.3,12,0,250,0,22
18-Oct-24,16.3,9.2,11.2,998.2,9,17,0,190,0,28
19-Oct-24,14.6,7.8,0.8,997.4,6.9,20,0,150,0,31
20-Oct-24,14.2,10.4,17.2,991.3,17.8,30,0,230,0,51
21-Oct-24,14.1,8.7,13.6,1007.6,9.3,17,0,220,0,37
22-Oct-24,15.1,7.4,0.7,1018.5,3.5,6,0,220,0,12
23-Oct-24,14.4,6.4,0,1014.7,7.4,14,0,170,0,33
24-Oct-24,16.9,13.2,18,1002.4,9.2,17,0,150,0,29
25-Oct-24,15.6,7.2,1,1003.2,6.5,12,0,70,0,18
26-Oct-24,12.6,1.4,0.9,1010.6,4.7,15,0,310,0,24
27-Oct-24,13.9,1.6,11,1012.6,8.8,15,0,240,0,27
28-Oct-24,15.1,9.2,2.1,1013.9,5.6,13,0,230,0,19
29-Oct-24,14.4,6,0.3,1020.8,2,6,0,290,0,9
30-Oct-24,12.8,10.6,0.3,1023.6,4.1,7,0,220,0,10
31-Oct-24,11.7,9.8,1.4,1020.9,5.4,8,0,210,0,13
01-Nov-24,13,10.6,0,1021.2,3.3,7,0,200,0,10
02-Nov-24,11.8,10.2,0,1023.7,3.5,7,0,130,0,11
03-Nov-24,12.8,10.2,0.2,1021.2,3.3,6,0,110,0,9
04-Nov-24,13.5,7.7,0,1017.4,4.3,8,0,110,0,11
05-Nov-24,15.7,6.3,0.1,1013.9,5.6,10,0,120,0,15
06-Nov-24,18.6,13.7,0,1017.7,5.6,10,0,170,0,18
07-Nov-24,16.1,13,0,1017.7,8.8,13,0,150,0,21
08-Nov-24,14,11.5,0,1015.8,6,9,0,130,0,15
09-Nov-24,14.8,11.6,1.5,1015,5.4,9,0,100,0,14
10-Nov-24,14.1,2.6,1.3,1022.5,3.5,7,0,340,0,11
11-Nov-24,13.8,1.1,0.1,1032.7,2.5,6,0,100,0,7
12-Nov-24,7.2,0.6,0.2,1035.9,2,4,0,80,0,6
13-Nov-24,9.1,4.2,0.7,1034.2,1.8,4,0,180,0,5
14-Nov-24,13.9,9.1,0,1029.5,2.9,6,0,320,0,8
15-Nov-24,13.1,9.8,3.3,1021.2,4.3,9,0,240,0,18
16-Nov-24,11.3,4.9,0.8,1015.7,4.6,12,0,310,0,19
17-Nov-24,11.2,6.4,2,1012,4.3,10,0,260,0,18
18-Nov-24,7.7,4.1,7.9,1001.8,6.3,14,0,110,0,21
19-Nov-24,4.5,-3,2.8,1001,4.8,10,0,80,0,15
20-Nov-24,2.2,-3.7,0.3,1006.2,4.1,13,0,90,0,24
21-Nov-24,4.4,0.1,5.3,1000.6,6.3,11,0,70,0,18
22-Nov-24,6.3,0.5,4.1,999.4,5.2,16,0,110,0,27
23-Nov-24,14.7,3.3,44.5,980.4,12.2,19,0,130,0,33
24-Nov-24,10.8,6.7,6.2,976.3,12.5,19,0,220,0,32
25-Nov-24,7.8,-0.5,0,992.3,4.9,11,0,260,0,22
26-Nov-24,9.1,-2.5,0,1006.3,2.8,5,0,200,0,8
27-Nov-24,0.6,-2.8,0,1013.2,2.8,8,0,80,0,11
28-Nov-24,13.9,-2.2,2.2,1012.9,9.5,15,0,150,0,25
29-Nov-24,14.1,11.8,2.9,1006.2,9.8,18,0,160,0,30
30-Nov-24,15.6,10.2,1.6,1003.7,8.3,15,0,180,0,30
01-Dec-24,11.6,6.8,2.1,1003.6,6.8,13,0,300,0,19
02-Dec-24,7.9,-1.2,0,1012.6,5.2,14,0,300,0,21
03-Dec-24,8.2,-0.7,1.2,1016.3,4.5,8,0,200,0,13
04-Dec-24,13.1,0.4,3,1009.3,7.5,18,0,200,0,29
05-Dec-24,12.5,2.5,4.2,1001.7,8.4,18,0,220,0,37
06-Dec-24,12.8,1.9,10,994.3,10,38,0,300,0,53
07-Dec-24,8.6,3.6,4,1007.5,20.6,36,0,300,0,55
08-Dec-24,8.6,0.2,0.1,1031.6,6.4,14,0,350,0,22
09-Dec-24,6.2,-1.8,0,1037.3,4.5,7,0,0,0,11
10-Dec-24,4.6,-4.9,0,1034.6,3.3,8,0,70,0,11
11-Dec-24,5.1,2.4,0,1031,2.9,5,0,70,0,8
12-Dec-24,4.6,2.8,0,1026.9,3.8,7,0,100,0,10
13-Dec-24,6.3,1.6,0.5,1022.7,3.1,7,0,320,0,11
14-Dec-24,10.6,-0.4,0.3,1020.8,5.5,11,0,240,0,20
15-Dec-24,10.8,9.5,2.8,1022.1,9.2,15,0,240,0,24
16-Dec-24,11.5,7.1,0.5,1020,8.7,14,0,230,0,22
17-Dec-24,13.4,7.2,1.9,1002.8,10.6,16,0,210,0,27
18-Dec-24,13,3.2,5.9,994.4,7.2,16,0,210,0,25
19-Dec-24,8.2,1.7,2.2,1009.9,6.6,22,0,300,0,32
20-Dec-24,10.7,4.9,6.2,1011.4,8,16,0,230,0,24
21-Dec-24,11.7,3.3,9.2,1005.5,14.3,25,0,270,0,39
22-Dec-24,8,3.1,1.7,1013,12.5,23,0,310,0,45
23-Dec-24,12.1,4.7,3,1020.1,6.4,12,0,270,0,20
24-Dec-24,11.9,10.4,0.3,1019.6,10.9,15,0,230,0,24
25-Dec-24,11.3,10.1,2.1,1022.8,7.3,11,0,220,0,17
26-Dec-24,10.4,8.4,0,1026,3.9,7,0,190,0,12
27-Dec-24,11.1,8.4,0.2,1024.6,4.2,8,0,200,0,12
28-Dec-24,10.6,5.9,0,1023.3,5,8,0,200,0,13
29-Dec-24,10.8,8.6,0.3,1021.9,9.4,15,0,230,0,24
30-Dec-24,11,9.2,0.7,1014.8,12.8,18,0,230,0,32
31-Dec-24,11.9,6.1,19.8,1004.3,13,20,0,240,0,35
01-Jan-25,7.3,-0.1,1.6,1003.8,5.7,14,0,270,0,22
02-Jan-25,4.6,-3.9,0.1,1017.7,4.2,9,0,340,0,15
03-Jan-25,4.7,-5.1,0,1019.9,2.4,4,0,180,0,7
04-Jan-25,1.9,-1.3,3.9,1003.4,5.3,10,0,50,0,15
05-Jan-25,2.6,-0.5,2.5,986.2,8.9,13,0,0,0,22
06-Jan-25,3.3,-1.2,5.5,987,8.4,19,0,290,0,26
07-Jan-25,6,-3.9,1.2,996.6,4.5,16,0,300,0,23
08-Jan-25,-0.4,-6.8,0,998.9,2.6,5,0,50,0,9
09-Jan-25,4.7,-7.6,0,1006.5,2.3,8,0,70,0,12
10-Jan-25,5.1,-3.2,1.5,1011.1,7.7,15,0,100,0,23
11-Jan-25,9.9,-0.7,1.7,1020,2.6,6,0,120,0,9
12-Jan-25,11.9,0.5,0.9,1024.9,7.1,13,0,180,0,23
13-Jan-25,12.3,11.2,3.7,1022.9,8.2,13,0,190,0,20
14-Jan-25,12.6,9.1,0.8,1025.2,4.3,8,0,210,0,13
15-Jan-25,11.1,4.2,0.2,1024.7,4.9,12,0,200,0,19
16-Jan-25,10.9,5.7,0,1021.5,6.2,12,0,190,0,22
17-Jan-25,12,8.4,0,1021.6,8.6,14,0,180,0,23
18-Jan-25,12.3,8.4,0,1016.4,8.5,13,0,170,0,25
19-Jan-25,10.3,6.7,0.6,1010.1,5.3,10,0,150,0,15
20-Jan-25,9.3,4.8,0.2,1009.4,2.7,5,0,200,0,9
21-Jan-25,8.4,2.3,1.1,1005.1,3.2,8,0,250,0,13
22-Jan-25,8,-0.4,0.2,999.1,2.6,7,0,200,0,10
23-Jan-25,9.1,3.5,13.4,979.5,8.7,20,0,200,0,34
24-Jan-25,11.7,1.1,7.7,973,19.4,45,0,230,0,75
25-Jan-25,4.6,-0.8,4.2,993.5,5.6,14,0,190,0,27
26-Jan-25,8.4,-1.3,2.3,976.2,11.4,23,0,90,0,35
27-Jan-25,9.4,5.7,1.7,960.7,8.8,16,0,140,0,24
28-Jan-25,8.8,1.8,0.4,981.5,9.9,16,0,310,0,23
29-Jan-25,7.9,-1.6,0.1,1005.1,4.9,13,0,340,0,22
30-Jan-25,7.9,-2.8,2,1014.8,5.6,12,0,220,0,18
31-Jan-25,9.9,-0.2,0,1018.6,3.6,7,0,290,0,10